{
	"credit": "Made with Blockbench, by xR4YM0ND",
	"texture_size": [64, 64],
	"textures": {
		"1": "botania:block/rays_ghost_rail_raised_ne",
		"particle": "botania:block/rays_ghost_rail_raised_ne"
	},
	"elements": [
		{
			"from": [3.002, 17.002, 0],
			"to": [3.998, 17.998, 22.628],
			"rotation": {"angle": 45, "axis": "x", "origin": [3, 17, 0]},
			"faces": {
				"north": {"uv": [6, 0.25, 6.25, 0.5], "texture": "#1"},
				"east": {"uv": [3, 1.5, 8.75, 1.75], "texture": "#1"},
				"south": {"uv": [0.5, 6, 0.75, 6.25], "texture": "#1"},
				"west": {"uv": [3, 1.75, 8.75, 2], "texture": "#1"},
				"up": {"uv": [3.25, 7.75, 3, 2], "texture": "#1"},
				"down": {"uv": [3.5, 2, 3.25, 7.75], "texture": "#1"}
			}
		},
		{
			"from": [3.004, 17.2594, -0.077],
			"to": [3.996, 17.7854, 0.3366],
			"rotation": {"angle": 45, "axis": "x", "origin": [3.5, 17.3, 0.425]},
			"faces": {
				"north": {"uv": [6, 0.5, 6.25, 0.75], "texture": "#1"},
				"east": {"uv": [0.75, 6, 1, 6.25], "texture": "#1"},
				"south": {"uv": [6, 0.75, 6.25, 1], "texture": "#1"},
				"west": {"uv": [1, 6, 1.25, 6.25], "texture": "#1"},
				"up": {"uv": [6.25, 1.25, 6, 1], "texture": "#1"},
				"down": {"uv": [1.5, 6, 1.25, 6.25], "texture": "#1"}
			}
		},
		{
			"from": [3.006, 17.006, 0],
			"to": [3.994, 17.994, 0.414],
			"rotation": {"angle": 0, "axis": "y", "origin": [3, 17, 0]},
			"faces": {
				"north": {"uv": [6, 1.25, 6.25, 1.5], "texture": "#1"},
				"east": {"uv": [1.5, 6, 1.75, 6.25], "texture": "#1"},
				"south": {"uv": [1.75, 6, 2, 6.25], "texture": "#1"},
				"west": {"uv": [2, 6, 2.25, 6.25], "texture": "#1"},
				"up": {"uv": [2.5, 6.25, 2.25, 6], "texture": "#1"},
				"down": {"uv": [2.75, 6, 2.5, 6.25], "texture": "#1"}
			}
		},
		{
			"from": [12.002, 17.002, 0],
			"to": [12.998, 17.998, 22.628],
			"rotation": {"angle": 45, "axis": "x", "origin": [12, 17, 0]},
			"faces": {
				"north": {"uv": [2.75, 6, 3, 6.25], "texture": "#1"},
				"east": {"uv": [3.5, 2, 9.25, 2.25], "texture": "#1"},
				"south": {"uv": [3.5, 6, 3.75, 6.25], "texture": "#1"},
				"west": {"uv": [3.5, 2.25, 9.25, 2.5], "texture": "#1"},
				"up": {"uv": [0.25, 9.25, 0, 3.5], "texture": "#1"},
				"down": {"uv": [0.5, 3.5, 0.25, 9.25], "texture": "#1"}
			}
		},
		{
			"from": [12.004, 17.2594, -0.077],
			"to": [12.996, 17.7854, 0.3366],
			"rotation": {"angle": 45, "axis": "x", "origin": [12.5, 17.3, 0.425]},
			"faces": {
				"north": {"uv": [3.75, 6, 4, 6.25], "texture": "#1"},
				"east": {"uv": [4, 6, 4.25, 6.25], "texture": "#1"},
				"south": {"uv": [4.25, 6, 4.5, 6.25], "texture": "#1"},
				"west": {"uv": [5, 6, 5.25, 6.25], "texture": "#1"},
				"up": {"uv": [5.5, 6.25, 5.25, 6], "texture": "#1"},
				"down": {"uv": [5.75, 6, 5.5, 6.25], "texture": "#1"}
			}
		},
		{
			"from": [12.006, 17.006, 0],
			"to": [12.994, 17.994, 0.414],
			"rotation": {"angle": 0, "axis": "y", "origin": [12, 17, 0]},
			"faces": {
				"north": {"uv": [6, 5.5, 6.25, 5.75], "texture": "#1"},
				"east": {"uv": [5.75, 6, 6, 6.25], "texture": "#1"},
				"south": {"uv": [6, 5.75, 6.25, 6], "texture": "#1"},
				"west": {"uv": [6, 6, 6.25, 6.25], "texture": "#1"},
				"up": {"uv": [6.5, 0.5, 6.25, 0.25], "texture": "#1"},
				"down": {"uv": [0.75, 6.25, 0.5, 6.5], "texture": "#1"}
			}
		},
		{
			"from": [2, 1.69004, 13.0249],
			"to": [14, 3.69004, 14.0249],
			"rotation": {"angle": -45, "axis": "x", "origin": [8, 2.74004, 13.4572]},
			"faces": {
				"north": {"uv": [0, 0, 3, 0.5], "texture": "#1"},
				"east": {"uv": [2, 5, 2.25, 5.5], "texture": "#1"},
				"south": {"uv": [0, 0.5, 3, 1], "texture": "#1"},
				"west": {"uv": [2.25, 5, 2.5, 5.5], "texture": "#1"},
				"up": {"uv": [6.5, 2.75, 3.5, 2.5], "texture": "#1"},
				"down": {"uv": [6.5, 2.75, 3.5, 3], "texture": "#1"}
			}
		},
		{
			"from": [2, 5.69004, 13.0249],
			"to": [14, 7.69004, 14.0249],
			"rotation": {"angle": -45, "axis": "x", "origin": [8, 2.74004, 13.4572]},
			"faces": {
				"north": {"uv": [0, 1, 3, 1.5], "texture": "#1"},
				"east": {"uv": [2.5, 5, 2.75, 5.5], "texture": "#1"},
				"south": {"uv": [0, 1.5, 3, 2], "texture": "#1"},
				"west": {"uv": [2.75, 5, 3, 5.5], "texture": "#1"},
				"up": {"uv": [6.5, 3.25, 3.5, 3], "texture": "#1"},
				"down": {"uv": [6.5, 3.25, 3.5, 3.5], "texture": "#1"}
			}
		},
		{
			"from": [2, 9.69004, 13.0249],
			"to": [14, 11.69004, 14.0249],
			"rotation": {"angle": -45, "axis": "x", "origin": [8, 2.74004, 13.4572]},
			"faces": {
				"north": {"uv": [0, 2, 3, 2.5], "texture": "#1"},
				"east": {"uv": [0.5, 5.5, 0.75, 6], "texture": "#1"},
				"south": {"uv": [0, 2.5, 3, 3], "texture": "#1"},
				"west": {"uv": [0.75, 5.5, 1, 6], "texture": "#1"},
				"up": {"uv": [6.5, 3.75, 3.5, 3.5], "texture": "#1"},
				"down": {"uv": [6.5, 3.75, 3.5, 4], "texture": "#1"}
			}
		},
		{
			"from": [2, 13.69004, 13.0249],
			"to": [14, 15.69004, 14.0249],
			"rotation": {"angle": -45, "axis": "x", "origin": [8, 2.74004, 13.4572]},
			"faces": {
				"north": {"uv": [0, 3, 3, 3.5], "texture": "#1"},
				"east": {"uv": [1, 5.5, 1.25, 6], "texture": "#1"},
				"south": {"uv": [3, 0, 6, 0.5], "texture": "#1"},
				"west": {"uv": [1.25, 5.5, 1.5, 6], "texture": "#1"},
				"up": {"uv": [6.5, 4.25, 3.5, 4], "texture": "#1"},
				"down": {"uv": [6.5, 4.25, 3.5, 4.5], "texture": "#1"}
			}
		},
		{
			"from": [2, 17.69004, 13.0249],
			"to": [14, 19.69004, 14.0249],
			"rotation": {"angle": -45, "axis": "x", "origin": [8, 2.74004, 13.4572]},
			"faces": {
				"north": {"uv": [3, 0.5, 6, 1], "texture": "#1"},
				"east": {"uv": [1.5, 5.5, 1.75, 6], "texture": "#1"},
				"south": {"uv": [3, 1, 6, 1.5], "texture": "#1"},
				"west": {"uv": [1.75, 5.5, 2, 6], "texture": "#1"},
				"up": {"uv": [6.5, 4.75, 3.5, 4.5], "texture": "#1"},
				"down": {"uv": [6.5, 4.75, 3.5, 5], "texture": "#1"}
			}
		},
		{
			"from": [5, 11.69004, 14.0249],
			"to": [11, 13.69004, 14.5249],
			"rotation": {"angle": -45, "axis": "x", "origin": [11, 2.74004, 13.4572]},
			"faces": {
				"north": {"uv": [0.5, 3.5, 2, 4], "texture": "#1"},
				"east": {"uv": [2, 5.5, 2.25, 6], "texture": "#1"},
				"south": {"uv": [0.5, 4, 2, 4.5], "texture": "#1"},
				"west": {"uv": [2.25, 5.5, 2.5, 6], "texture": "#1"},
				"up": {"uv": [5, 5.25, 3.5, 5], "texture": "#1"},
				"down": {"uv": [6.5, 5, 5, 5.25], "texture": "#1"}
			}
		},
		{
			"from": [5, 7.69004, 14.0249],
			"to": [11, 9.69004, 14.5249],
			"rotation": {"angle": -45, "axis": "x", "origin": [11, 2.74004, 13.4572]},
			"faces": {
				"north": {"uv": [0.5, 4.5, 2, 5], "texture": "#1"},
				"east": {"uv": [2.5, 5.5, 2.75, 6], "texture": "#1"},
				"south": {"uv": [0.5, 5, 2, 5.5], "texture": "#1"},
				"west": {"uv": [2.75, 5.5, 3, 6], "texture": "#1"},
				"up": {"uv": [5, 5.5, 3.5, 5.25], "texture": "#1"},
				"down": {"uv": [6.5, 5.25, 5, 5.5], "texture": "#1"}
			}
		},
		{
			"from": [5, 9.69004, 14.0249],
			"to": [7, 11.69004, 14.5249],
			"rotation": {"angle": -45, "axis": "x", "origin": [11, 2.74004, 13.4572]},
			"faces": {
				"north": {"uv": [2, 3.5, 2.5, 4], "texture": "#1"},
				"east": {"uv": [3.5, 5.5, 3.75, 6], "texture": "#1"},
				"south": {"uv": [2.5, 3.5, 3, 4], "texture": "#1"},
				"west": {"uv": [3.75, 5.5, 4, 6], "texture": "#1"},
				"up": {"uv": [4.5, 5.75, 4, 5.5], "texture": "#1"},
				"down": {"uv": [5, 5.5, 4.5, 5.75], "texture": "#1"}
			}
		},
		{
			"from": [9, 9.69004, 14.0249],
			"to": [11, 11.69004, 14.5249],
			"rotation": {"angle": -45, "axis": "x", "origin": [15, 2.74004, 13.4572]},
			"faces": {
				"north": {"uv": [2, 4, 2.5, 4.5], "texture": "#1"},
				"east": {"uv": [5, 5.5, 5.25, 6], "texture": "#1"},
				"south": {"uv": [2.5, 4, 3, 4.5], "texture": "#1"},
				"west": {"uv": [5.25, 5.5, 5.5, 6], "texture": "#1"},
				"up": {"uv": [6, 5.75, 5.5, 5.5], "texture": "#1"},
				"down": {"uv": [4.5, 5.75, 4, 6], "texture": "#1"}
			}
		},
		{
			"from": [7, 9.69004, 14.0249],
			"to": [9, 11.69004, 14.2749],
			"rotation": {"angle": -45, "axis": "x", "origin": [13, 2.74004, 13.4572]},
			"faces": {
				"north": {"uv": [2, 4.5, 2.5, 5], "texture": "#1"},
				"east": {"uv": [4.5, 5.75, 4.75, 6.25], "texture": "#1"},
				"south": {"uv": [2.5, 4.5, 3, 5], "texture": "#1"},
				"west": {"uv": [4.75, 5.75, 5, 6.25], "texture": "#1"},
				"up": {"uv": [6, 6, 5.5, 5.75], "texture": "#1"},
				"down": {"uv": [6.5, 0, 6, 0.25], "texture": "#1"}
			}
		}
	],
	"groups": [
		{
			"name": "rail_left",
			"origin": [8, 8, 8],
			"color": 0,
			"children": [0, 1, 2]
		},
		{
			"name": "rail_right",
			"origin": [8, 8, 8],
			"color": 0,
			"children": [3, 4, 5]
		},
		{
			"name": "steps",
			"origin": [8, 8, 8],
			"color": 0,
			"children": [6, 7, 8, 9, 10]
		},
		{
			"name": "addon",
			"origin": [8, 8, 8],
			"color": 0,
			"children": [11, 12, 13, 14, 15]
		}
	]
}