{
	"credit": "Made with Blockbench, by xR4YM0ND",
	"texture_size": [32, 32],
	"textures": {
		"1": "botania:block/rays_ghost_rail",
		"particle": "botania:block/rays_ghost_rail"
	},
	"elements": [
		{
			"from": [3, 1, 0],
			"to": [4, 2, 16],
			"faces": {
				"north": {"uv": [9, 10.5, 9.5, 11], "texture": "#1"},
				"east": {"uv": [6, 1, 14, 1.5], "texture": "#1"},
				"south": {"uv": [9.5, 10.5, 10, 11], "texture": "#1"},
				"west": {"uv": [6, 1.5, 14, 2], "texture": "#1"},
				"up": {"uv": [6.5, 10, 6, 2], "texture": "#1"},
				"down": {"uv": [7, 2, 6.5, 10], "texture": "#1"}
			}
		},
		{
			"from": [12, 1, 0],
			"to": [13, 2, 16],
			"faces": {
				"north": {"uv": [10, 10.5, 10.5, 11], "texture": "#1"},
				"east": {"uv": [7, 2, 15, 2.5], "texture": "#1"},
				"south": {"uv": [10.5, 10.5, 11, 11], "texture": "#1"},
				"west": {"uv": [7, 2.5, 15, 3], "texture": "#1"},
				"up": {"uv": [0.5, 15, 0, 7], "texture": "#1"},
				"down": {"uv": [1, 7, 0.5, 15], "texture": "#1"}
			}
		},
		{
			"from": [2, 0, 1],
			"to": [14, 1, 3],
			"faces": {
				"north": {"uv": [7, 3, 13, 3.5], "texture": "#1"},
				"east": {"uv": [1, 10, 2, 10.5], "texture": "#1"},
				"south": {"uv": [7, 3.5, 13, 4], "texture": "#1"},
				"west": {"uv": [2, 10, 3, 10.5], "texture": "#1"},
				"up": {"uv": [6, 1, 0, 0], "texture": "#1"},
				"down": {"uv": [6, 1, 0, 2], "texture": "#1"}
			}
		},
		{
			"from": [2, 0, 5],
			"to": [14, 1, 7],
			"faces": {
				"north": {"uv": [7, 4, 13, 4.5], "texture": "#1"},
				"east": {"uv": [3, 10, 4, 10.5], "texture": "#1"},
				"south": {"uv": [7, 4.5, 13, 5], "texture": "#1"},
				"west": {"uv": [4, 10, 5, 10.5], "texture": "#1"},
				"up": {"uv": [6, 3, 0, 2], "texture": "#1"},
				"down": {"uv": [6, 3, 0, 4], "texture": "#1"}
			}
		},
		{
			"from": [2, 0, 9],
			"to": [14, 1, 11],
			"faces": {
				"north": {"uv": [7, 5, 13, 5.5], "texture": "#1"},
				"east": {"uv": [5, 10, 6, 10.5], "texture": "#1"},
				"south": {"uv": [7, 5.5, 13, 6], "texture": "#1"},
				"west": {"uv": [6, 10, 7, 10.5], "texture": "#1"},
				"up": {"uv": [6, 5, 0, 4], "texture": "#1"},
				"down": {"uv": [6, 5, 0, 6], "texture": "#1"}
			}
		},
		{
			"from": [2, 0, 13],
			"to": [14, 1, 15],
			"faces": {
				"north": {"uv": [7, 6, 13, 6.5], "texture": "#1"},
				"east": {"uv": [7, 10, 8, 10.5], "texture": "#1"},
				"south": {"uv": [7, 6.5, 13, 7], "texture": "#1"},
				"west": {"uv": [10, 7, 11, 7.5], "texture": "#1"},
				"up": {"uv": [6, 7, 0, 6], "texture": "#1"},
				"down": {"uv": [12, 0, 6, 1], "texture": "#1"}
			}
		},
		{
			"from": [5, 1, 5],
			"to": [11, 1.5, 7],
			"rotation": {"angle": 0, "axis": "y", "origin": [5, 1, 5]},
			"faces": {
				"north": {"uv": [1, 9, 4, 9.5], "texture": "#1"},
				"east": {"uv": [10, 7.5, 11, 8], "texture": "#1"},
				"south": {"uv": [7, 9, 10, 9.5], "texture": "#1"},
				"west": {"uv": [8, 10, 9, 10.5], "texture": "#1"},
				"up": {"uv": [4, 8, 1, 7], "texture": "#1"},
				"down": {"uv": [10, 7, 7, 8], "texture": "#1"}
			}
		},
		{
			"from": [5, 1, 9],
			"to": [11, 1.5, 11],
			"rotation": {"angle": 0, "axis": "y", "origin": [5, 1, 9]},
			"faces": {
				"north": {"uv": [1, 9.5, 4, 10], "texture": "#1"},
				"east": {"uv": [10, 8, 11, 8.5], "texture": "#1"},
				"south": {"uv": [7, 9.5, 10, 10], "texture": "#1"},
				"west": {"uv": [10, 8.5, 11, 9], "texture": "#1"},
				"up": {"uv": [4, 9, 1, 8], "texture": "#1"},
				"down": {"uv": [10, 8, 7, 9], "texture": "#1"}
			}
		},
		{
			"from": [5, 1, 7],
			"to": [7, 1.5, 9],
			"rotation": {"angle": 0, "axis": "y", "origin": [5, 1, 7]},
			"faces": {
				"north": {"uv": [9, 10, 10, 10.5], "texture": "#1"},
				"east": {"uv": [10, 9, 11, 9.5], "texture": "#1"},
				"south": {"uv": [10, 9.5, 11, 10], "texture": "#1"},
				"west": {"uv": [10, 10, 11, 10.5], "texture": "#1"},
				"up": {"uv": [5, 8, 4, 7], "texture": "#1"},
				"down": {"uv": [6, 7, 5, 8], "texture": "#1"}
			}
		},
		{
			"from": [9, 1, 7],
			"to": [11, 1.5, 9],
			"rotation": {"angle": 0, "axis": "y", "origin": [9, 1, 7]},
			"faces": {
				"north": {"uv": [1, 10.5, 2, 11], "texture": "#1"},
				"east": {"uv": [2, 10.5, 3, 11], "texture": "#1"},
				"south": {"uv": [3, 10.5, 4, 11], "texture": "#1"},
				"west": {"uv": [4, 10.5, 5, 11], "texture": "#1"},
				"up": {"uv": [5, 9, 4, 8], "texture": "#1"},
				"down": {"uv": [6, 8, 5, 9], "texture": "#1"}
			}
		},
		{
			"from": [7, 1, 7],
			"to": [9, 1.25, 9],
			"rotation": {"angle": 0, "axis": "y", "origin": [7, 1, 7]},
			"faces": {
				"north": {"uv": [5, 10.5, 6, 11], "texture": "#1"},
				"east": {"uv": [6, 10.5, 7, 11], "texture": "#1"},
				"south": {"uv": [7, 10.5, 8, 11], "texture": "#1"},
				"west": {"uv": [8, 10.5, 9, 11], "texture": "#1"},
				"up": {"uv": [5, 10, 4, 9], "texture": "#1"},
				"down": {"uv": [6, 9, 5, 10], "texture": "#1"}
			}
		}
	],
	"gui_light": "front",
	"display": {
		"thirdperson_righthand": {
			"rotation": [90, 0, 0],
			"translation": [0, 2.25, 4.5],
			"scale": [0.6, 0.6, 0.6]
		},
		"thirdperson_lefthand": {
			"rotation": [90, 0, 0],
			"translation": [0, 2.25, 4.5],
			"scale": [0.6, 0.6, 0.6]
		},
		"firstperson_righthand": {
			"rotation": [50, 0, 75],
			"translation": [3, 0.5, -6]
		},
		"firstperson_lefthand": {
			"rotation": [50, 0, 75],
			"translation": [3, 0.5, -6]
		},
		"ground": {
			"translation": [0, 2.5, 0],
			"scale": [0.5, 0.5, 0.5]
		},
		"gui": {
			"rotation": [90, 0, 0]
		},
		"head": {
			"rotation": [90, 0, 0],
			"translation": [0, 0, 14.5]
		},
		"fixed": {
			"rotation": [-90, 0, 0],
			"translation": [0, 0, -8]
		}
	},
	"groups": [
		{
			"name": "rail",
			"origin": [8, 8, 8],
			"color": 0,
			"children": [0, 1]
		},
		{
			"name": "steps",
			"origin": [8, 8, 8],
			"color": 0,
			"children": [2, 3, 4, 5]
		},
		{
			"name": "addon",
			"origin": [8, 8, 8],
			"color": 0,
			"children": [6, 7, 8, 9, 10]
		}
	]
}