{
	"credit": "Made with Blockbench, by xR4YM0ND",
	"texture_size": [64, 64],
	"textures": {
		"1": "moreminecarts:block/rays_bioluminescent_rail_raised_sw",
		"particle": "moreminecarts:block/rays_bioluminescent_rail_raised_sw"
	},
	"elements": [
		{
			"name": "base",
			"from": [12.002, 8.8557, -3.66734],
			"to": [12.998, 9.8517, 18.96066],
			"rotation": {"angle": -45, "axis": "x", "origin": [12.5, 9.35375, 7.64666]},
			"faces": {
				"north": {"uv": [3.75, 4.5, 4, 4.75], "texture": "#1"},
				"east": {"uv": [0, 3, 5.75, 3.25], "texture": "#1"},
				"south": {"uv": [5.75, 0.75, 6, 1], "texture": "#1"},
				"west": {"uv": [3, 0, 8.75, 0.25], "texture": "#1"},
				"up": {"uv": [0.25, 9, 0, 3.25], "texture": "#1"},
				"down": {"uv": [0.5, 3.25, 0.25, 9], "texture": "#1"}
			}
		},
		{
			"name": "base_extension",
			"from": [12.004, 17.40307, 15.41942],
			"to": [12.996, 17.92907, 15.83302],
			"rotation": {"angle": -45, "axis": "x", "origin": [12.5, 17.66707, 15.62622]},
			"faces": {
				"north": {"uv": [1, 5.75, 1.25, 6], "texture": "#1"},
				"east": {"uv": [5.75, 1, 6, 1.25], "texture": "#1"},
				"south": {"uv": [1.25, 5.75, 1.5, 6], "texture": "#1"},
				"west": {"uv": [5.75, 1.25, 6, 1.5], "texture": "#1"},
				"up": {"uv": [1.75, 6, 1.5, 5.75], "texture": "#1"},
				"down": {"uv": [6, 1.5, 5.75, 1.75], "texture": "#1"}
			}
		},
		{
			"name": "base_flat",
			"from": [12.006, 17.006, 15.586],
			"to": [12.994, 17.994, 16],
			"rotation": {"angle": 0, "axis": "x", "origin": [12.5, 17.5, 15.793]},
			"faces": {
				"north": {"uv": [1.75, 5.75, 2, 6], "texture": "#1"},
				"east": {"uv": [5.75, 1.75, 6, 2], "texture": "#1"},
				"south": {"uv": [2, 5.75, 2.25, 6], "texture": "#1"},
				"west": {"uv": [5.75, 2, 6, 2.25], "texture": "#1"},
				"up": {"uv": [2.5, 6, 2.25, 5.75], "texture": "#1"},
				"down": {"uv": [6, 2.25, 5.75, 2.5], "texture": "#1"}
			}
		},
		{
			"name": "base",
			"from": [3.002, 8.8557, -3.66734],
			"to": [3.998, 9.8517, 18.96066],
			"rotation": {"angle": -45, "axis": "x", "origin": [3.5, 9.35375, 7.64666]},
			"faces": {
				"north": {"uv": [2.5, 5.75, 2.75, 6], "texture": "#1"},
				"east": {"uv": [3, 0.25, 8.75, 0.5], "texture": "#1"},
				"south": {"uv": [5.75, 2.5, 6, 2.75], "texture": "#1"},
				"west": {"uv": [3, 0.5, 8.75, 0.75], "texture": "#1"},
				"up": {"uv": [0.75, 9, 0.5, 3.25], "texture": "#1"},
				"down": {"uv": [1, 3.25, 0.75, 9], "texture": "#1"}
			}
		},
		{
			"name": "base_extension",
			"from": [3.004, 17.40307, 15.41942],
			"to": [3.996, 17.92907, 15.83302],
			"rotation": {"angle": -45, "axis": "x", "origin": [3.5, 17.66707, 15.62622]},
			"faces": {
				"north": {"uv": [2.75, 5.75, 3, 6], "texture": "#1"},
				"east": {"uv": [5.75, 2.75, 6, 3], "texture": "#1"},
				"south": {"uv": [3, 5.75, 3.25, 6], "texture": "#1"},
				"west": {"uv": [5.75, 3, 6, 3.25], "texture": "#1"},
				"up": {"uv": [3.5, 6, 3.25, 5.75], "texture": "#1"},
				"down": {"uv": [3.75, 5.75, 3.5, 6], "texture": "#1"}
			}
		},
		{
			"name": "base_flat",
			"from": [3.006, 17.006, 15.586],
			"to": [3.994, 17.994, 16],
			"rotation": {"angle": 0, "axis": "x", "origin": [3.5, 17.5, 15.793]},
			"faces": {
				"north": {"uv": [3.75, 5.75, 4, 6], "texture": "#1"},
				"east": {"uv": [4, 5.75, 4.25, 6], "texture": "#1"},
				"south": {"uv": [5.75, 4, 6, 4.25], "texture": "#1"},
				"west": {"uv": [4.25, 5.75, 4.5, 6], "texture": "#1"},
				"up": {"uv": [6, 4.5, 5.75, 4.25], "texture": "#1"},
				"down": {"uv": [6, 4.5, 5.75, 4.75], "texture": "#1"}
			}
		},
		{
			"from": [2, 13.55375, 11.7709],
			"to": [14, 14.55375, 14.7709],
			"rotation": {"angle": -45, "axis": "x", "origin": [8, 14.05375, 13.7709]},
			"faces": {
				"north": {"uv": [2.25, 3.25, 5.25, 3.5], "texture": "#1"},
				"east": {"uv": [3, 5, 3.75, 5.25], "texture": "#1"},
				"south": {"uv": [2.25, 3.5, 5.25, 3.75], "texture": "#1"},
				"west": {"uv": [3.75, 5, 4.5, 5.25], "texture": "#1"},
				"up": {"uv": [3, 0.75, 0, 0], "texture": "#1"},
				"down": {"uv": [3, 0.75, 0, 1.5], "texture": "#1"}
			}
		},
		{
			"from": [2, 7.89689, 6.61405],
			"to": [7, 8.89689, 9.61405],
			"rotation": {"angle": -45, "axis": "x", "origin": [8, 8.39689, 8.11405]},
			"faces": {
				"north": {"uv": [2.5, 4.5, 3.75, 4.75], "texture": "#1"},
				"east": {"uv": [4.5, 5, 5.25, 5.25], "texture": "#1"},
				"south": {"uv": [4.5, 4, 5.75, 4.25], "texture": "#1"},
				"west": {"uv": [1, 5.25, 1.75, 5.5], "texture": "#1"},
				"up": {"uv": [4.25, 1.5, 3, 0.75], "texture": "#1"},
				"down": {"uv": [4.25, 1.5, 3, 2.25], "texture": "#1"}
			}
		},
		{
			"from": [7, 7.89689, 6.61405],
			"to": [9, 8.89689, 10.61405],
			"rotation": {"angle": -45, "axis": "x", "origin": [8, 8.39689, 8.11405]},
			"faces": {
				"north": {"uv": [5.25, 5, 5.75, 5.25], "texture": "#1"},
				"east": {"uv": [4.75, 0.75, 5.75, 1], "texture": "#1"},
				"south": {"uv": [1, 5.5, 1.5, 5.75], "texture": "#1"},
				"west": {"uv": [1, 4.75, 2, 5], "texture": "#1"},
				"up": {"uv": [4.5, 5, 4, 4], "texture": "#1"},
				"down": {"uv": [4.75, 0.75, 4.25, 1.75], "texture": "#1"}
			}
		},
		{
			"from": [9, 7.89689, 7.61405],
			"to": [14, 8.89689, 10.61405],
			"rotation": {"angle": -45, "axis": "x", "origin": [8, 8.39689, 8.11405]},
			"faces": {
				"north": {"uv": [4.5, 4.25, 5.75, 4.5], "texture": "#1"},
				"east": {"uv": [1.75, 5.25, 2.5, 5.5], "texture": "#1"},
				"south": {"uv": [4.5, 4.5, 5.75, 4.75], "texture": "#1"},
				"west": {"uv": [2.5, 5.25, 3.25, 5.5], "texture": "#1"},
				"up": {"uv": [4.25, 3, 3, 2.25], "texture": "#1"},
				"down": {"uv": [2.25, 3.25, 1, 4], "texture": "#1"}
			}
		},
		{
			"from": [2, 2.24004, 2.4572],
			"to": [14, 3.24004, 5.4572],
			"rotation": {"angle": -45, "axis": "x", "origin": [8, 2.74004, 2.4572]},
			"faces": {
				"north": {"uv": [2.25, 3.75, 5.25, 4], "texture": "#1"},
				"east": {"uv": [3.25, 5.25, 4, 5.5], "texture": "#1"},
				"south": {"uv": [1, 4, 4, 4.25], "texture": "#1"},
				"west": {"uv": [5.25, 3.25, 6, 3.5], "texture": "#1"},
				"up": {"uv": [3, 2.25, 0, 1.5], "texture": "#1"},
				"down": {"uv": [3, 2.25, 0, 3], "texture": "#1"}
			}
		},
		{
			"from": [5, 14.5538, 12.7709],
			"to": [11, 14.6538, 13.7709],
			"rotation": {"angle": -45, "axis": "x", "origin": [8, 14.0538, 13.7709]},
			"faces": {
				"north": {"uv": [1, 4.25, 2.5, 4.5], "texture": "#1"},
				"east": {"uv": [5, 5.75, 5.25, 6], "texture": "#1"},
				"south": {"uv": [4.25, 1.75, 5.75, 2], "texture": "#1"},
				"west": {"uv": [5.75, 5, 6, 5.25], "texture": "#1"},
				"up": {"uv": [5.75, 2.25, 4.25, 2], "texture": "#1"},
				"down": {"uv": [5.75, 2.25, 4.25, 2.5], "texture": "#1"}
			}
		},
		{
			"from": [6, 14.5538, 13.7709],
			"to": [9, 14.6538, 14.7709],
			"rotation": {"angle": -45, "axis": "x", "origin": [8, 14.0538, 13.7709]},
			"faces": {
				"north": {"uv": [5.25, 3.5, 6, 3.75], "texture": "#1"},
				"east": {"uv": [5.25, 5.75, 5.5, 6], "texture": "#1"},
				"south": {"uv": [5.25, 3.75, 6, 4], "texture": "#1"},
				"west": {"uv": [5.5, 5.75, 5.75, 6], "texture": "#1"},
				"up": {"uv": [4.75, 5.5, 4, 5.25], "texture": "#1"},
				"down": {"uv": [5.5, 5.25, 4.75, 5.5], "texture": "#1"}
			}
		},
		{
			"from": [6, 14.5538, 11.7709],
			"to": [8, 14.6538, 12.7709],
			"rotation": {"angle": -45, "axis": "x", "origin": [8, 14.0538, 13.7709]},
			"faces": {
				"north": {"uv": [1.5, 5.5, 2, 5.75], "texture": "#1"},
				"east": {"uv": [5.75, 5.75, 6, 6], "texture": "#1"},
				"south": {"uv": [2, 5.5, 2.5, 5.75], "texture": "#1"},
				"west": {"uv": [6, 0.75, 6.25, 1], "texture": "#1"},
				"up": {"uv": [3, 5.75, 2.5, 5.5], "texture": "#1"},
				"down": {"uv": [3.5, 5.5, 3, 5.75], "texture": "#1"}
			}
		},
		{
			"from": [7, 14.5538, 6.2709],
			"to": [11, 14.6538, 7.2709],
			"rotation": {"angle": -45, "axis": "x", "origin": [8, 14.0538, 13.7709]},
			"faces": {
				"north": {"uv": [4.75, 1, 5.75, 1.25], "texture": "#1"},
				"east": {"uv": [1, 6, 1.25, 6.25], "texture": "#1"},
				"south": {"uv": [4.75, 1.25, 5.75, 1.5], "texture": "#1"},
				"west": {"uv": [6, 1, 6.25, 1.25], "texture": "#1"},
				"up": {"uv": [5.75, 1.75, 4.75, 1.5], "texture": "#1"},
				"down": {"uv": [3, 4.75, 2, 5], "texture": "#1"}
			}
		},
		{
			"from": [5, 14.5538, 5.2709],
			"to": [9, 14.6538, 6.2709],
			"rotation": {"angle": -45, "axis": "x", "origin": [8, 14.0538, 13.7709]},
			"faces": {
				"north": {"uv": [3, 4.75, 4, 5], "texture": "#1"},
				"east": {"uv": [1.25, 6, 1.5, 6.25], "texture": "#1"},
				"south": {"uv": [4.5, 4.75, 5.5, 5], "texture": "#1"},
				"west": {"uv": [6, 1.25, 6.25, 1.5], "texture": "#1"},
				"up": {"uv": [2, 5.25, 1, 5], "texture": "#1"},
				"down": {"uv": [3, 5, 2, 5.25], "texture": "#1"}
			}
		},
		{
			"from": [2, 14.5538, 5.2709],
			"to": [3, 14.6538, 6.2709],
			"rotation": {"angle": -45, "axis": "x", "origin": [8, 14.0538, 13.7709]},
			"faces": {
				"north": {"uv": [1.5, 6, 1.75, 6.25], "texture": "#1"},
				"east": {"uv": [6, 1.5, 6.25, 1.75], "texture": "#1"},
				"south": {"uv": [1.75, 6, 2, 6.25], "texture": "#1"},
				"west": {"uv": [6, 1.75, 6.25, 2], "texture": "#1"},
				"up": {"uv": [2.25, 6.25, 2, 6], "texture": "#1"},
				"down": {"uv": [6.25, 2, 6, 2.25], "texture": "#1"}
			}
		},
		{
			"from": [3, 15.5538, 4.62],
			"to": [4, 15.6538, 6.62],
			"rotation": {"angle": -45, "axis": "x", "origin": [8, 14.0538, 13.7709]},
			"faces": {
				"north": {"uv": [2.25, 6, 2.5, 6.25], "texture": "#1"},
				"east": {"uv": [3.5, 5.5, 4, 5.75], "texture": "#1"},
				"south": {"uv": [6, 2.25, 6.25, 2.5], "texture": "#1"},
				"west": {"uv": [4, 5.5, 4.5, 5.75], "texture": "#1"},
				"up": {"uv": [4.75, 6, 4.5, 5.5], "texture": "#1"},
				"down": {"uv": [5, 5.5, 4.75, 6], "texture": "#1"}
			}
		},
		{
			"from": [3, 15.5538, 9.55],
			"to": [4, 15.6538, 10.55],
			"rotation": {"angle": -45, "axis": "x", "origin": [8, 14.0538, 13.7709]},
			"faces": {
				"north": {"uv": [3, 6, 3.25, 6.25], "texture": "#1"},
				"east": {"uv": [6, 3, 6.25, 3.25], "texture": "#1"},
				"south": {"uv": [3.25, 6, 3.5, 6.25], "texture": "#1"},
				"west": {"uv": [6, 3.25, 6.25, 3.5], "texture": "#1"},
				"up": {"uv": [3.75, 6.25, 3.5, 6], "texture": "#1"},
				"down": {"uv": [6.25, 3.5, 6, 3.75], "texture": "#1"}
			}
		},
		{
			"from": [12, 15.5538, 10.55],
			"to": [13, 15.6538, 11.55],
			"rotation": {"angle": -45, "axis": "x", "origin": [8, 14.0538, 13.7709]},
			"faces": {
				"north": {"uv": [3.75, 6, 4, 6.25], "texture": "#1"},
				"east": {"uv": [6, 3.75, 6.25, 4], "texture": "#1"},
				"south": {"uv": [4, 6, 4.25, 6.25], "texture": "#1"},
				"west": {"uv": [6, 4, 6.25, 4.25], "texture": "#1"},
				"up": {"uv": [4.5, 6.25, 4.25, 6], "texture": "#1"},
				"down": {"uv": [6.25, 4.25, 6, 4.5], "texture": "#1"}
			}
		},
		{
			"from": [12, 15.5538, 4.65],
			"to": [13, 15.6538, 5.65],
			"rotation": {"angle": -45, "axis": "x", "origin": [8, 14.0538, 13.7709]},
			"faces": {
				"north": {"uv": [4.5, 6, 4.75, 6.25], "texture": "#1"},
				"east": {"uv": [6, 4.5, 6.25, 4.75], "texture": "#1"},
				"south": {"uv": [4.75, 6, 5, 6.25], "texture": "#1"},
				"west": {"uv": [6, 4.75, 6.25, 5], "texture": "#1"},
				"up": {"uv": [5.25, 6.25, 5, 6], "texture": "#1"},
				"down": {"uv": [6.25, 5, 6, 5.25], "texture": "#1"}
			}
		},
		{
			"from": [5, 14.5538, -1.2291],
			"to": [11, 14.6538, -0.2291],
			"rotation": {"angle": -45, "axis": "x", "origin": [8, 14.0538, 13.7709]},
			"faces": {
				"north": {"uv": [2.5, 4.25, 4, 4.5], "texture": "#1"},
				"east": {"uv": [2.5, 6, 2.75, 6.25], "texture": "#1"},
				"south": {"uv": [4.25, 2.5, 5.75, 2.75], "texture": "#1"},
				"west": {"uv": [6, 2.5, 6.25, 2.75], "texture": "#1"},
				"up": {"uv": [5.75, 3, 4.25, 2.75], "texture": "#1"},
				"down": {"uv": [2.5, 4.5, 1, 4.75], "texture": "#1"}
			}
		},
		{
			"from": [6, 14.5538, -0.2291],
			"to": [8, 14.6538, 0.7709],
			"rotation": {"angle": -45, "axis": "x", "origin": [8, 14.0538, 13.7709]},
			"faces": {
				"north": {"uv": [5.5, 4.75, 6, 5], "texture": "#1"},
				"east": {"uv": [2.75, 6, 3, 6.25], "texture": "#1"},
				"south": {"uv": [5, 5.5, 5.5, 5.75], "texture": "#1"},
				"west": {"uv": [6, 2.75, 6.25, 3], "texture": "#1"},
				"up": {"uv": [6, 5.5, 5.5, 5.25], "texture": "#1"},
				"down": {"uv": [6, 5.5, 5.5, 5.75], "texture": "#1"}
			}
		}
	],
	"groups": [
		{
			"name": "rail_left",
			"origin": [8, 8, 8],
			"color": 0,
			"children": [0, 1, 2]
		},
		{
			"name": "rail_right",
			"origin": [8, 8, 8],
			"color": 0,
			"children": [3, 4, 5]
		},
		{
			"name": "steps",
			"origin": [8, 8, 8],
			"color": 0,
			"children": [6, 7, 8, 9, 10]
		},
		{
			"name": "extras",
			"origin": [8, 8, 8],
			"color": 0,
			"children": [11, 12, 13, 14, 15, 16, 17, 18, 19, 20, 21, 22]
		}
	]
}