{
	"credit": "Made with Blockbench, by xR4YM0ND",
	"texture_size": [32, 32],
	"textures": {
		"1": "moreminecarts:block/rays_left_rail_off",
		"particle": "moreminecarts:block/rays_left_rail_off"
	},
	"elements": [
		{
			"from": [3, 1, 0],
			"to": [4, 2, 16],
			"faces": {
				"north": {"uv": [13, 9.5, 13.5, 10], "texture": "#1"},
				"east": {"uv": [6, 1, 14, 1.5], "texture": "#1"},
				"south": {"uv": [10, 13, 10.5, 13.5], "texture": "#1"},
				"west": {"uv": [6, 1.5, 14, 2], "texture": "#1"},
				"up": {"uv": [6.5, 10, 6, 2], "texture": "#1"},
				"down": {"uv": [7, 2, 6.5, 10], "texture": "#1"}
			}
		},
		{
			"from": [12, 1, 0],
			"to": [13, 2, 16],
			"faces": {
				"north": {"uv": [13, 10, 13.5, 10.5], "texture": "#1"},
				"east": {"uv": [7, 2, 15, 2.5], "texture": "#1"},
				"south": {"uv": [10.5, 13, 11, 13.5], "texture": "#1"},
				"west": {"uv": [7, 2.5, 15, 3], "texture": "#1"},
				"up": {"uv": [0.5, 15, 0, 7], "texture": "#1"},
				"down": {"uv": [1, 7, 0.5, 15], "texture": "#1"}
			}
		},
		{
			"from": [2, 0, 1],
			"to": [14, 1, 3],
			"faces": {
				"north": {"uv": [7, 3, 13, 3.5], "texture": "#1"},
				"east": {"uv": [2, 11, 3, 11.5], "texture": "#1"},
				"south": {"uv": [7, 3.5, 13, 4], "texture": "#1"},
				"west": {"uv": [2, 11.5, 3, 12], "texture": "#1"},
				"up": {"uv": [6, 1, 0, 0], "texture": "#1"},
				"down": {"uv": [6, 1, 0, 2], "texture": "#1"}
			}
		},
		{
			"from": [2, 0, 5],
			"to": [14, 1, 7],
			"faces": {
				"north": {"uv": [7, 4, 13, 4.5], "texture": "#1"},
				"east": {"uv": [12, 11, 13, 11.5], "texture": "#1"},
				"south": {"uv": [7, 4.5, 13, 5], "texture": "#1"},
				"west": {"uv": [1.5, 12.5, 2.5, 13], "texture": "#1"},
				"up": {"uv": [6, 3, 0, 2], "texture": "#1"},
				"down": {"uv": [6, 3, 0, 4], "texture": "#1"}
			}
		},
		{
			"from": [2, 0, 9],
			"to": [14, 1, 11],
			"faces": {
				"north": {"uv": [7, 5, 13, 5.5], "texture": "#1"},
				"east": {"uv": [2.5, 12.5, 3.5, 13], "texture": "#1"},
				"south": {"uv": [7, 5.5, 13, 6], "texture": "#1"},
				"west": {"uv": [5, 12.5, 6, 13], "texture": "#1"},
				"up": {"uv": [6, 5, 0, 4], "texture": "#1"},
				"down": {"uv": [6, 5, 0, 6], "texture": "#1"}
			}
		},
		{
			"from": [2, 0, 13],
			"to": [14, 1, 15],
			"faces": {
				"north": {"uv": [7, 6, 13, 6.5], "texture": "#1"},
				"east": {"uv": [6, 12.5, 7, 13], "texture": "#1"},
				"south": {"uv": [7, 6.5, 13, 7], "texture": "#1"},
				"west": {"uv": [7, 12.5, 8, 13], "texture": "#1"},
				"up": {"uv": [6, 7, 0, 6], "texture": "#1"},
				"down": {"uv": [12, 0, 6, 1], "texture": "#1"}
			}
		},
		{
			"from": [6, 1, 6],
			"to": [8, 1.7, 7],
			"faces": {
				"north": {"uv": [9, 12.5, 10, 13], "texture": "#1"},
				"east": {"uv": [13, 10.5, 13.5, 11], "texture": "#1"},
				"south": {"uv": [10, 12.5, 11, 13], "texture": "#1"},
				"west": {"uv": [11, 13, 11.5, 13.5], "texture": "#1"},
				"up": {"uv": [12, 13, 11, 12.5], "texture": "#1"},
				"down": {"uv": [13.5, 12, 12.5, 12.5], "texture": "#1"}
			}
		},
		{
			"from": [6, 1, 9],
			"to": [8, 1.7, 10],
			"faces": {
				"north": {"uv": [12.5, 12.5, 13.5, 13], "texture": "#1"},
				"east": {"uv": [13, 11, 13.5, 11.5], "texture": "#1"},
				"south": {"uv": [1.5, 13, 2.5, 13.5], "texture": "#1"},
				"west": {"uv": [11.5, 13, 12, 13.5], "texture": "#1"},
				"up": {"uv": [3.5, 13.5, 2.5, 13], "texture": "#1"},
				"down": {"uv": [14, 3, 13, 3.5], "texture": "#1"}
			}
		},
		{
			"from": [9, 1, 10],
			"to": [11, 1.7, 11],
			"faces": {
				"north": {"uv": [13, 3.5, 14, 4], "texture": "#1"},
				"east": {"uv": [13, 11.5, 13.5, 12], "texture": "#1"},
				"south": {"uv": [13, 4, 14, 4.5], "texture": "#1"},
				"west": {"uv": [12.5, 13, 13, 13.5], "texture": "#1"},
				"up": {"uv": [14, 5, 13, 4.5], "texture": "#1"},
				"down": {"uv": [6, 13, 5, 13.5], "texture": "#1"}
			}
		},
		{
			"from": [7, 1, 10],
			"to": [8, 1.7, 11],
			"faces": {
				"north": {"uv": [13, 13, 13.5, 13.5], "texture": "#1"},
				"east": {"uv": [13.5, 0, 14, 0.5], "texture": "#1"},
				"south": {"uv": [13.5, 0.5, 14, 1], "texture": "#1"},
				"west": {"uv": [1.5, 13.5, 2, 14], "texture": "#1"},
				"up": {"uv": [2.5, 14, 2, 13.5], "texture": "#1"},
				"down": {"uv": [3, 13.5, 2.5, 14], "texture": "#1"}
			}
		},
		{
			"from": [7, 1, 5],
			"to": [8, 1.7, 6],
			"faces": {
				"north": {"uv": [3, 13.5, 3.5, 14], "texture": "#1"},
				"east": {"uv": [3.5, 13.5, 4, 14], "texture": "#1"},
				"south": {"uv": [4, 13.5, 4.5, 14], "texture": "#1"},
				"west": {"uv": [4.5, 13.5, 5, 14], "texture": "#1"},
				"up": {"uv": [5.5, 14, 5, 13.5], "texture": "#1"},
				"down": {"uv": [6, 13.5, 5.5, 14], "texture": "#1"}
			}
		},
		{
			"from": [5, 1, 7],
			"to": [11, 1.7, 9],
			"faces": {
				"north": {"uv": [7, 9, 10, 9.5], "texture": "#1"},
				"east": {"uv": [13, 5, 14, 5.5], "texture": "#1"},
				"south": {"uv": [7, 9.5, 10, 10], "texture": "#1"},
				"west": {"uv": [13, 5.5, 14, 6], "texture": "#1"},
				"up": {"uv": [4, 8, 1, 7], "texture": "#1"},
				"down": {"uv": [10, 7, 7, 8], "texture": "#1"}
			}
		},
		{
			"from": [11, 1, 7],
			"to": [12, 1.2, 12],
			"faces": {
				"north": {"uv": [6, 13.5, 6.5, 14], "texture": "#1"},
				"east": {"uv": [11, 8, 13.5, 8.5], "texture": "#1"},
				"south": {"uv": [6.5, 13.5, 7, 14], "texture": "#1"},
				"west": {"uv": [11, 8.5, 13.5, 9], "texture": "#1"},
				"up": {"uv": [1.5, 12, 1, 9.5], "texture": "#1"},
				"down": {"uv": [2, 9.5, 1.5, 12], "texture": "#1"}
			}
		},
		{
			"from": [5, 1, 9],
			"to": [6, 1.2, 11],
			"faces": {
				"north": {"uv": [13.5, 6.5, 14, 7], "texture": "#1"},
				"east": {"uv": [6, 13, 7, 13.5], "texture": "#1"},
				"south": {"uv": [7, 13.5, 7.5, 14], "texture": "#1"},
				"west": {"uv": [13, 6, 14, 6.5], "texture": "#1"},
				"up": {"uv": [4, 13.5, 3.5, 12.5], "texture": "#1"},
				"down": {"uv": [13.5, 6.5, 13, 7.5], "texture": "#1"}
			}
		},
		{
			"from": [4, 1, 4],
			"to": [5, 1.2, 12],
			"faces": {
				"north": {"uv": [13.5, 7, 14, 7.5], "texture": "#1"},
				"east": {"uv": [7, 8, 11, 8.5], "texture": "#1"},
				"south": {"uv": [7.5, 13.5, 8, 14], "texture": "#1"},
				"west": {"uv": [7, 8.5, 11, 9], "texture": "#1"},
				"up": {"uv": [3.5, 12, 3, 8], "texture": "#1"},
				"down": {"uv": [4, 8, 3.5, 12], "texture": "#1"}
			}
		},
		{
			"from": [5, 1, 4],
			"to": [7, 1.2, 6],
			"faces": {
				"north": {"uv": [7, 13, 8, 13.5], "texture": "#1"},
				"east": {"uv": [13, 7.5, 14, 8], "texture": "#1"},
				"south": {"uv": [9, 13, 10, 13.5], "texture": "#1"},
				"west": {"uv": [13, 9, 14, 9.5], "texture": "#1"},
				"up": {"uv": [5, 9.5, 4, 8.5], "texture": "#1"},
				"down": {"uv": [6, 8.5, 5, 9.5], "texture": "#1"}
			}
		},
		{
			"from": [5, 1, 6],
			"to": [6, 1.2, 7],
			"faces": {
				"north": {"uv": [8, 13.5, 8.5, 14], "texture": "#1"},
				"east": {"uv": [13.5, 8, 14, 8.5], "texture": "#1"},
				"south": {"uv": [8.5, 13.5, 9, 14], "texture": "#1"},
				"west": {"uv": [13.5, 8.5, 14, 9], "texture": "#1"},
				"up": {"uv": [9.5, 14, 9, 13.5], "texture": "#1"},
				"down": {"uv": [10, 13.5, 9.5, 14], "texture": "#1"}
			}
		},
		{
			"from": [7, 1, 4],
			"to": [8, 1.2, 5],
			"faces": {
				"north": {"uv": [13.5, 9.5, 14, 10], "texture": "#1"},
				"east": {"uv": [10, 13.5, 10.5, 14], "texture": "#1"},
				"south": {"uv": [13.5, 10, 14, 10.5], "texture": "#1"},
				"west": {"uv": [10.5, 13.5, 11, 14], "texture": "#1"},
				"up": {"uv": [14, 11, 13.5, 10.5], "texture": "#1"},
				"down": {"uv": [11.5, 13.5, 11, 14], "texture": "#1"}
			}
		},
		{
			"from": [8, 1, 4],
			"to": [12, 1.2, 7],
			"faces": {
				"north": {"uv": [4, 9.5, 6, 10], "texture": "#1"},
				"east": {"uv": [4, 11.5, 5.5, 12], "texture": "#1"},
				"south": {"uv": [10, 11, 12, 11.5], "texture": "#1"},
				"west": {"uv": [5.5, 11.5, 7, 12], "texture": "#1"},
				"up": {"uv": [6, 8.5, 4, 7], "texture": "#1"},
				"down": {"uv": [3, 8, 1, 9.5], "texture": "#1"}
			}
		},
		{
			"from": [8, 1, 9],
			"to": [11, 1.2, 10],
			"faces": {
				"north": {"uv": [7, 11.5, 8.5, 12], "texture": "#1"},
				"east": {"uv": [13.5, 11, 14, 11.5], "texture": "#1"},
				"south": {"uv": [8.5, 11.5, 10, 12], "texture": "#1"},
				"west": {"uv": [11.5, 13.5, 12, 14], "texture": "#1"},
				"up": {"uv": [11.5, 12, 10, 11.5], "texture": "#1"},
				"down": {"uv": [13, 11.5, 11.5, 12], "texture": "#1"}
			}
		},
		{
			"from": [5, 1, 11],
			"to": [11, 1.2, 12],
			"faces": {
				"north": {"uv": [4, 10, 7, 10.5], "texture": "#1"},
				"east": {"uv": [13.5, 11.5, 14, 12], "texture": "#1"},
				"south": {"uv": [7, 10, 10, 10.5], "texture": "#1"},
				"west": {"uv": [12, 13.5, 12.5, 14], "texture": "#1"},
				"up": {"uv": [13, 7.5, 10, 7], "texture": "#1"},
				"down": {"uv": [13, 7.5, 10, 8], "texture": "#1"}
			}
		},
		{
			"from": [8, 1, 10],
			"to": [9, 1.2, 11],
			"faces": {
				"north": {"uv": [13.5, 12, 14, 12.5], "texture": "#1"},
				"east": {"uv": [12.5, 13.5, 13, 14], "texture": "#1"},
				"south": {"uv": [13.5, 12.5, 14, 13], "texture": "#1"},
				"west": {"uv": [13, 13.5, 13.5, 14], "texture": "#1"},
				"up": {"uv": [14, 13.5, 13.5, 13], "texture": "#1"},
				"down": {"uv": [14, 13.5, 13.5, 14], "texture": "#1"}
			}
		},
		{
			"from": [6, 1, 10],
			"to": [7, 1.2, 11],
			"faces": {
				"north": {"uv": [14, 0, 14.5, 0.5], "texture": "#1"},
				"east": {"uv": [14, 0.5, 14.5, 1], "texture": "#1"},
				"south": {"uv": [1, 14, 1.5, 14.5], "texture": "#1"},
				"west": {"uv": [14, 1, 14.5, 1.5], "texture": "#1"},
				"up": {"uv": [2, 14.5, 1.5, 14], "texture": "#1"},
				"down": {"uv": [14.5, 1.5, 14, 2], "texture": "#1"}
			}
		},
		{
			"from": [4, 1, 1],
			"to": [5, 1.1, 4],
			"faces": {
				"north": {"uv": [2, 14, 2.5, 14.5], "texture": "#1"},
				"east": {"uv": [12, 0, 13.5, 0.5], "texture": "#1"},
				"south": {"uv": [2.5, 14, 3, 14.5], "texture": "#1"},
				"west": {"uv": [12, 0.5, 13.5, 1], "texture": "#1"},
				"up": {"uv": [2.5, 11, 2, 9.5], "texture": "#1"},
				"down": {"uv": [3, 9.5, 2.5, 11], "texture": "#1"}
			}
		},
		{
			"from": [4, 1, 12],
			"to": [5, 1.1, 15],
			"faces": {
				"north": {"uv": [3, 14, 3.5, 14.5], "texture": "#1"},
				"east": {"uv": [1, 12, 2.5, 12.5], "texture": "#1"},
				"south": {"uv": [14, 3, 14.5, 3.5], "texture": "#1"},
				"west": {"uv": [2.5, 12, 4, 12.5], "texture": "#1"},
				"up": {"uv": [4.5, 13.5, 4, 12], "texture": "#1"},
				"down": {"uv": [5, 12, 4.5, 13.5], "texture": "#1"}
			}
		},
		{
			"from": [5, 1, 3],
			"to": [11, 1.1, 4],
			"faces": {
				"north": {"uv": [10, 9, 13, 9.5], "texture": "#1"},
				"east": {"uv": [3.5, 14, 4, 14.5], "texture": "#1"},
				"south": {"uv": [10, 9.5, 13, 10], "texture": "#1"},
				"west": {"uv": [14, 3.5, 14.5, 4], "texture": "#1"},
				"up": {"uv": [13, 10.5, 10, 10], "texture": "#1"},
				"down": {"uv": [7, 10.5, 4, 11], "texture": "#1"}
			}
		},
		{
			"from": [5, 1, 12],
			"to": [11, 1.1, 13],
			"faces": {
				"north": {"uv": [7, 10.5, 10, 11], "texture": "#1"},
				"east": {"uv": [4, 14, 4.5, 14.5], "texture": "#1"},
				"south": {"uv": [10, 10.5, 13, 11], "texture": "#1"},
				"west": {"uv": [14, 4, 14.5, 4.5], "texture": "#1"},
				"up": {"uv": [7, 11.5, 4, 11], "texture": "#1"},
				"down": {"uv": [10, 11, 7, 11.5], "texture": "#1"}
			}
		},
		{
			"from": [11, 1, 1],
			"to": [12, 1.1, 4],
			"faces": {
				"north": {"uv": [4.5, 14, 5, 14.5], "texture": "#1"},
				"east": {"uv": [5, 12, 6.5, 12.5], "texture": "#1"},
				"south": {"uv": [14, 4.5, 14.5, 5], "texture": "#1"},
				"west": {"uv": [6.5, 12, 8, 12.5], "texture": "#1"},
				"up": {"uv": [8.5, 13.5, 8, 12], "texture": "#1"},
				"down": {"uv": [9, 12, 8.5, 13.5], "texture": "#1"}
			}
		},
		{
			"from": [11, 1, 12],
			"to": [12, 1.1, 15],
			"faces": {
				"north": {"uv": [5, 14, 5.5, 14.5], "texture": "#1"},
				"east": {"uv": [9, 12, 10.5, 12.5], "texture": "#1"},
				"south": {"uv": [14, 5, 14.5, 5.5], "texture": "#1"},
				"west": {"uv": [10.5, 12, 12, 12.5], "texture": "#1"},
				"up": {"uv": [12.5, 13.5, 12, 12], "texture": "#1"},
				"down": {"uv": [1.5, 12.5, 1, 14], "texture": "#1"}
			}
		}
	],
	"display": {
		"ground": {
			"translation": [0, 2.5, 0],
			"scale": [0.5, 0.5, 0.5]
		}
	},
	"groups": [
		{
			"name": "rail",
			"origin": [8, 8, 8],
			"color": 0,
			"children": [0, 1]
		},
		{
			"name": "steps",
			"origin": [8, 8, 8],
			"color": 0,
			"children": [2, 3, 4, 5]
		},
		{
			"name": "extras",
			"origin": [8, 8, 8],
			"color": 0,
			"children": [
				{
					"name": "icon",
					"origin": [8, 8, 8],
					"color": 0,
					"children": [6, 7, 8, 9, 10, 11]
				},
				12,
				13,
				14,
				15,
				16,
				17,
				18,
				19,
				20,
				21,
				22
			]
		},
		{
			"name": "redstone",
			"origin": [8, 8, 8],
			"color": 0,
			"children": [23, 24, 25, 26, 27, 28]
		}
	]
}