{
	"credit": "Made with Blockbench, by xR4YM0ND",
	"texture_size": [64, 64],
	"textures": {
		"2": "moreminecarts:block/rays_subtract_rail_off",
		"particle": "moreminecarts:block/rays_subtract_rail_off"
	},
	"elements": [
		{
			"from": [3, 1, 0],
			"to": [4, 2, 16],
			"faces": {
				"north": {"uv": [4.25, 6.25, 4.5, 6.5], "texture": "#2"},
				"east": {"uv": [0, 3.5, 4, 3.75], "texture": "#2"},
				"south": {"uv": [4.5, 6.25, 4.75, 6.5], "texture": "#2"},
				"west": {"uv": [0, 3.75, 4, 4], "texture": "#2"},
				"up": {"uv": [0.25, 8, 0, 4], "texture": "#2"},
				"down": {"uv": [0.5, 4, 0.25, 8], "texture": "#2"}
			}
		},
		{
			"from": [12, 1, 0],
			"to": [13, 2, 16],
			"faces": {
				"north": {"uv": [5.25, 6.25, 5.5, 6.5], "texture": "#2"},
				"east": {"uv": [0.5, 4, 4.5, 4.25], "texture": "#2"},
				"south": {"uv": [6.25, 5.25, 6.5, 5.5], "texture": "#2"},
				"west": {"uv": [4, 3.5, 8, 3.75], "texture": "#2"},
				"up": {"uv": [0.75, 8.25, 0.5, 4.25], "texture": "#2"},
				"down": {"uv": [1, 4.25, 0.75, 8.25], "texture": "#2"}
			}
		},
		{
			"from": [2, 0, 1],
			"to": [14, 1, 3],
			"faces": {
				"north": {"uv": [4, 3.75, 7, 4], "texture": "#2"},
				"east": {"uv": [5.75, 5.25, 6.25, 5.5], "texture": "#2"},
				"south": {"uv": [1, 4.25, 4, 4.5], "texture": "#2"},
				"west": {"uv": [5.75, 5.5, 6.25, 5.75], "texture": "#2"},
				"up": {"uv": [3, 0.5, 0, 0], "texture": "#2"},
				"down": {"uv": [3, 0.5, 0, 1], "texture": "#2"}
			}
		},
		{
			"from": [2, 0, 5],
			"to": [14, 1, 7],
			"faces": {
				"north": {"uv": [4, 4.25, 7, 4.5], "texture": "#2"},
				"east": {"uv": [6, 0, 6.5, 0.25], "texture": "#2"},
				"south": {"uv": [1, 4.5, 4, 4.75], "texture": "#2"},
				"west": {"uv": [6, 0.25, 6.5, 0.5], "texture": "#2"},
				"up": {"uv": [3, 1.5, 0, 1], "texture": "#2"},
				"down": {"uv": [3, 1.5, 0, 2], "texture": "#2"}
			}
		},
		{
			"from": [2, 0, 9],
			"to": [14, 1, 11],
			"faces": {
				"north": {"uv": [4, 4.5, 7, 4.75], "texture": "#2"},
				"east": {"uv": [1.75, 6, 2.25, 6.25], "texture": "#2"},
				"south": {"uv": [4.5, 4, 7.5, 4.25], "texture": "#2"},
				"west": {"uv": [2.25, 6, 2.75, 6.25], "texture": "#2"},
				"up": {"uv": [3, 2.5, 0, 2], "texture": "#2"},
				"down": {"uv": [3, 2.5, 0, 3], "texture": "#2"}
			}
		},
		{
			"from": [2, 0, 13],
			"to": [14, 1, 15],
			"faces": {
				"north": {"uv": [1, 4.75, 4, 5], "texture": "#2"},
				"east": {"uv": [3.25, 6, 3.75, 6.25], "texture": "#2"},
				"south": {"uv": [4, 4.75, 7, 5], "texture": "#2"},
				"west": {"uv": [3.75, 6, 4.25, 6.25], "texture": "#2"},
				"up": {"uv": [3, 3.5, 0, 3], "texture": "#2"},
				"down": {"uv": [6, 0, 3, 0.5], "texture": "#2"}
			}
		},
		{
			"from": [5, 1, 7],
			"to": [11, 1.7, 9],
			"faces": {
				"north": {"uv": [5, 2, 6.5, 2.25], "texture": "#2"},
				"east": {"uv": [4.25, 6, 4.75, 6.25], "texture": "#2"},
				"south": {"uv": [5, 2.25, 6.5, 2.5], "texture": "#2"},
				"west": {"uv": [5.25, 6, 5.75, 6.25], "texture": "#2"},
				"up": {"uv": [6.5, 1, 5, 0.5], "texture": "#2"},
				"down": {"uv": [2.5, 5, 1, 5.5], "texture": "#2"}
			}
		},
		{
			"from": [4, 1, 4],
			"to": [12, 1.2, 7],
			"faces": {
				"north": {"uv": [5, 1, 7, 1.25], "texture": "#2"},
				"east": {"uv": [1, 5.5, 1.75, 5.75], "texture": "#2"},
				"south": {"uv": [5, 1.25, 7, 1.5], "texture": "#2"},
				"west": {"uv": [1.75, 5.5, 2.5, 5.75], "texture": "#2"},
				"up": {"uv": [5, 1.25, 3, 0.5], "texture": "#2"},
				"down": {"uv": [5, 1.25, 3, 2], "texture": "#2"}
			}
		},
		{
			"from": [4, 1, 7],
			"to": [5, 1.2, 9],
			"faces": {
				"north": {"uv": [5.5, 6.25, 5.75, 6.5], "texture": "#2"},
				"east": {"uv": [5.75, 6, 6.25, 6.25], "texture": "#2"},
				"south": {"uv": [6.25, 5.5, 6.5, 5.75], "texture": "#2"},
				"west": {"uv": [6, 5.75, 6.5, 6], "texture": "#2"},
				"up": {"uv": [2, 6.75, 1.75, 6.25], "texture": "#2"},
				"down": {"uv": [2.25, 6.25, 2, 6.75], "texture": "#2"}
			}
		},
		{
			"from": [11, 1, 7],
			"to": [12, 1.2, 9],
			"faces": {
				"north": {"uv": [5.75, 6.25, 6, 6.5], "texture": "#2"},
				"east": {"uv": [2.25, 6.25, 2.75, 6.5], "texture": "#2"},
				"south": {"uv": [6, 6.25, 6.25, 6.5], "texture": "#2"},
				"west": {"uv": [3.25, 6.25, 3.75, 6.5], "texture": "#2"},
				"up": {"uv": [4, 6.75, 3.75, 6.25], "texture": "#2"},
				"down": {"uv": [4.25, 6.25, 4, 6.75], "texture": "#2"}
			}
		},
		{
			"from": [4, 1, 9],
			"to": [12, 1.2, 12],
			"faces": {
				"north": {"uv": [5, 1.5, 7, 1.75], "texture": "#2"},
				"east": {"uv": [2.5, 5.5, 3.25, 5.75], "texture": "#2"},
				"south": {"uv": [5, 1.75, 7, 2], "texture": "#2"},
				"west": {"uv": [3.25, 5.5, 4, 5.75], "texture": "#2"},
				"up": {"uv": [5, 2.75, 3, 2], "texture": "#2"},
				"down": {"uv": [5, 2.75, 3, 3.5], "texture": "#2"}
			}
		},
		{
			"from": [4, 1, 1],
			"to": [5, 1.1, 4],
			"faces": {
				"north": {"uv": [6.25, 6, 6.5, 6.25], "texture": "#2"},
				"east": {"uv": [4, 5.5, 4.75, 5.75], "texture": "#2"},
				"south": {"uv": [6.25, 6.25, 6.5, 6.5], "texture": "#2"},
				"west": {"uv": [4.75, 5.5, 5.5, 5.75], "texture": "#2"},
				"up": {"uv": [5.75, 5.75, 5.5, 5], "texture": "#2"},
				"down": {"uv": [1.25, 5.75, 1, 6.5], "texture": "#2"}
			}
		},
		{
			"from": [4, 1, 12],
			"to": [5, 1.1, 15],
			"faces": {
				"north": {"uv": [6.5, 0, 6.75, 0.25], "texture": "#2"},
				"east": {"uv": [1.25, 5.75, 2, 6], "texture": "#2"},
				"south": {"uv": [6.5, 0.25, 6.75, 0.5], "texture": "#2"},
				"west": {"uv": [2, 5.75, 2.75, 6], "texture": "#2"},
				"up": {"uv": [3, 6.5, 2.75, 5.75], "texture": "#2"},
				"down": {"uv": [3.25, 5.75, 3, 6.5], "texture": "#2"}
			}
		},
		{
			"from": [5, 1, 3],
			"to": [11, 1.1, 4],
			"faces": {
				"north": {"uv": [2.5, 5, 4, 5.25], "texture": "#2"},
				"east": {"uv": [6.5, 0.5, 6.75, 0.75], "texture": "#2"},
				"south": {"uv": [5, 2.5, 6.5, 2.75], "texture": "#2"},
				"west": {"uv": [6.5, 0.75, 6.75, 1], "texture": "#2"},
				"up": {"uv": [6.5, 3, 5, 2.75], "texture": "#2"},
				"down": {"uv": [6.5, 3, 5, 3.25], "texture": "#2"}
			}
		},
		{
			"from": [5, 1, 12],
			"to": [11, 1.1, 13],
			"faces": {
				"north": {"uv": [5, 3.25, 6.5, 3.5], "texture": "#2"},
				"east": {"uv": [1, 6.5, 1.25, 6.75], "texture": "#2"},
				"south": {"uv": [4, 5, 5.5, 5.25], "texture": "#2"},
				"west": {"uv": [6.5, 2, 6.75, 2.25], "texture": "#2"},
				"up": {"uv": [4, 5.5, 2.5, 5.25], "texture": "#2"},
				"down": {"uv": [5.5, 5.25, 4, 5.5], "texture": "#2"}
			}
		},
		{
			"from": [11, 1, 1],
			"to": [12, 1.1, 4],
			"faces": {
				"north": {"uv": [2.25, 6.5, 2.5, 6.75], "texture": "#2"},
				"east": {"uv": [3.25, 5.75, 4, 6], "texture": "#2"},
				"south": {"uv": [6.5, 2.25, 6.75, 2.5], "texture": "#2"},
				"west": {"uv": [4, 5.75, 4.75, 6], "texture": "#2"},
				"up": {"uv": [5, 6.5, 4.75, 5.75], "texture": "#2"},
				"down": {"uv": [5.25, 5.75, 5, 6.5], "texture": "#2"}
			}
		},
		{
			"from": [11, 1, 12],
			"to": [12, 1.1, 15],
			"faces": {
				"north": {"uv": [2.5, 6.5, 2.75, 6.75], "texture": "#2"},
				"east": {"uv": [5.75, 5, 6.5, 5.25], "texture": "#2"},
				"south": {"uv": [6.5, 2.5, 6.75, 2.75], "texture": "#2"},
				"west": {"uv": [5.25, 5.75, 6, 6], "texture": "#2"},
				"up": {"uv": [1.5, 6.75, 1.25, 6], "texture": "#2"},
				"down": {"uv": [1.75, 6, 1.5, 6.75], "texture": "#2"}
			}
		}
	],
	"display": {
		"ground": {
			"translation": [0, 2.5, 0],
			"scale": [0.5, 0.5, 0.5]
		}
	},
	"groups": [
		{
			"name": "rail",
			"origin": [8, 8, 8],
			"color": 0,
			"children": [0, 1]
		},
		{
			"name": "steps",
			"origin": [8, 8, 8],
			"color": 0,
			"children": [2, 3, 4, 5]
		},
		{
			"name": "extras",
			"origin": [8, 8, 8],
			"color": 0,
			"children": [
				{
					"name": "icon",
					"origin": [8, 8, 8],
					"color": 0,
					"children": [6]
				},
				7,
				8,
				9,
				10
			]
		},
		{
			"name": "redstone",
			"origin": [8, 8, 8],
			"color": 0,
			"children": [11, 12, 13, 14, 15, 16]
		}
	]
}