{
	"credit": "Made with Blockbench",
	"texture_size": [32, 32],
	"textures": {
		"0": "moreminecarts:block/rays_wooden_cross_rail",
		"particle": "moreminecarts:block/rays_wooden_cross_rail"
	},
	"elements": [
		{
			"from": [3, 1, 0],
			"to": [4, 2, 16],
			"faces": {
				"north": {"uv": [5, 9, 5.5, 9.5], "texture": "#0"},
				"east": {"uv": [6, 3, 14, 3.5], "texture": "#0"},
				"south": {"uv": [5.5, 9, 6, 9.5], "texture": "#0"},
				"west": {"uv": [6, 3.5, 14, 4], "texture": "#0"},
				"up": {"uv": [6.5, 12, 6, 4], "texture": "#0"},
				"down": {"uv": [7, 4, 6.5, 12], "texture": "#0"}
			}
		},
		{
			"from": [12, 1, 0],
			"to": [13, 2, 16],
			"faces": {
				"north": {"uv": [5, 9.5, 5.5, 10], "texture": "#0"},
				"east": {"uv": [7, 4, 15, 4.5], "texture": "#0"},
				"south": {"uv": [5.5, 9.5, 6, 10], "texture": "#0"},
				"west": {"uv": [7, 4.5, 15, 5], "texture": "#0"},
				"up": {"uv": [7.5, 13, 7, 5], "texture": "#0"},
				"down": {"uv": [0.5, 7.5, 0, 15.5], "texture": "#0"}
			}
		},
		{
			"from": [0, 1, 3],
			"to": [3, 2, 4],
			"faces": {
				"north": {"uv": [4.5, 7.5, 6, 8], "texture": "#0"},
				"east": {"uv": [5, 10, 5.5, 10.5], "texture": "#0"},
				"south": {"uv": [4.5, 8, 6, 8.5], "texture": "#0"},
				"west": {"uv": [5.5, 10, 6, 10.5], "texture": "#0"},
				"up": {"uv": [6, 9, 4.5, 8.5], "texture": "#0"},
				"down": {"uv": [10.5, 2, 9, 2.5], "texture": "#0"}
			}
		},
		{
			"from": [4, 1, 3],
			"to": [12, 2, 4],
			"faces": {
				"north": {"uv": [0.5, 7.5, 4.5, 8], "texture": "#0"},
				"east": {"uv": [5, 10.5, 5.5, 11], "texture": "#0"},
				"south": {"uv": [7.5, 7, 11.5, 7.5], "texture": "#0"},
				"west": {"uv": [5.5, 10.5, 6, 11], "texture": "#0"},
				"up": {"uv": [11.5, 8, 7.5, 7.5], "texture": "#0"},
				"down": {"uv": [4.5, 8, 0.5, 8.5], "texture": "#0"}
			}
		},
		{
			"from": [13, 1, 3],
			"to": [16, 2, 4],
			"faces": {
				"north": {"uv": [9, 2.5, 10.5, 3], "texture": "#0"},
				"east": {"uv": [9, 10.5, 9.5, 11], "texture": "#0"},
				"south": {"uv": [3.5, 9, 5, 9.5], "texture": "#0"},
				"west": {"uv": [10.5, 9, 11, 9.5], "texture": "#0"},
				"up": {"uv": [9, 9.5, 7.5, 9], "texture": "#0"},
				"down": {"uv": [10.5, 9, 9, 9.5], "texture": "#0"}
			}
		},
		{
			"from": [0, 1, 12],
			"to": [3, 2, 13],
			"faces": {
				"north": {"uv": [0.5, 9.5, 2, 10], "texture": "#0"},
				"east": {"uv": [9.5, 10.5, 10, 11], "texture": "#0"},
				"south": {"uv": [2, 9.5, 3.5, 10], "texture": "#0"},
				"west": {"uv": [10.5, 9.5, 11, 10], "texture": "#0"},
				"up": {"uv": [5, 10, 3.5, 9.5], "texture": "#0"},
				"down": {"uv": [9, 9.5, 7.5, 10], "texture": "#0"}
			}
		},
		{
			"from": [4, 1, 12],
			"to": [12, 2, 13],
			"faces": {
				"north": {"uv": [7.5, 8, 11.5, 8.5], "texture": "#0"},
				"east": {"uv": [10, 10.5, 10.5, 11], "texture": "#0"},
				"south": {"uv": [0.5, 8.5, 4.5, 9], "texture": "#0"},
				"west": {"uv": [10.5, 10, 11, 10.5], "texture": "#0"},
				"up": {"uv": [11.5, 9, 7.5, 8.5], "texture": "#0"},
				"down": {"uv": [13, 0, 9, 0.5], "texture": "#0"}
			}
		},
		{
			"from": [13, 1, 12],
			"to": [16, 2, 13],
			"faces": {
				"north": {"uv": [9, 9.5, 10.5, 10], "texture": "#0"},
				"east": {"uv": [10.5, 10.5, 11, 11], "texture": "#0"},
				"south": {"uv": [0.5, 10, 2, 10.5], "texture": "#0"},
				"west": {"uv": [0.5, 11, 1, 11.5], "texture": "#0"},
				"up": {"uv": [3.5, 10.5, 2, 10], "texture": "#0"},
				"down": {"uv": [5, 10, 3.5, 10.5], "texture": "#0"}
			}
		},
		{
			"from": [5, 0, 11],
			"to": [11, 1, 14],
			"faces": {
				"north": {"uv": [0.5, 9, 3.5, 9.5], "texture": "#0"},
				"east": {"uv": [7.5, 10, 9, 10.5], "texture": "#0"},
				"south": {"uv": [9, 0.5, 12, 1], "texture": "#0"},
				"west": {"uv": [9, 10, 10.5, 10.5], "texture": "#0"},
				"up": {"uv": [3, 7.5, 0, 6], "texture": "#0"},
				"down": {"uv": [9, 0, 6, 1.5], "texture": "#0"}
			}
		},
		{
			"from": [5, 0, 2],
			"to": [11, 1, 5],
			"faces": {
				"north": {"uv": [9, 1, 12, 1.5], "texture": "#0"},
				"east": {"uv": [0.5, 10.5, 2, 11], "texture": "#0"},
				"south": {"uv": [9, 1.5, 12, 2], "texture": "#0"},
				"west": {"uv": [2, 10.5, 3.5, 11], "texture": "#0"},
				"up": {"uv": [9, 3, 6, 1.5], "texture": "#0"},
				"down": {"uv": [6, 6, 3, 7.5], "texture": "#0"}
			}
		},
		{
			"from": [2, 0, 2],
			"to": [5, 1, 14],
			"faces": {
				"north": {"uv": [10.5, 2, 12, 2.5], "texture": "#0"},
				"east": {"uv": [7.5, 5, 13.5, 5.5], "texture": "#0"},
				"south": {"uv": [10.5, 2.5, 12, 3], "texture": "#0"},
				"west": {"uv": [7.5, 5.5, 13.5, 6], "texture": "#0"},
				"up": {"uv": [1.5, 6, 0, 0], "texture": "#0"},
				"down": {"uv": [3, 0, 1.5, 6], "texture": "#0"}
			}
		},
		{
			"from": [11, 0, 2],
			"to": [14, 1, 14],
			"faces": {
				"north": {"uv": [3.5, 10.5, 5, 11], "texture": "#0"},
				"east": {"uv": [7.5, 6, 13.5, 6.5], "texture": "#0"},
				"south": {"uv": [7.5, 10.5, 9, 11], "texture": "#0"},
				"west": {"uv": [7.5, 6.5, 13.5, 7], "texture": "#0"},
				"up": {"uv": [4.5, 6, 3, 0], "texture": "#0"},
				"down": {"uv": [6, 0, 4.5, 6], "texture": "#0"}
			}
		}
	],
	"gui_light": "front",
	"display": {
		"thirdperson_righthand": {
			"rotation": [90, 0, 0],
			"translation": [0, 2.25, 4.5],
			"scale": [0.6, 0.6, 0.6]
		},
		"thirdperson_lefthand": {
			"rotation": [90, 0, 0],
			"translation": [0, 2.25, 4.5],
			"scale": [0.6, 0.6, 0.6]
		},
		"firstperson_righthand": {
			"rotation": [50, 0, 75],
			"translation": [3, 0.5, -6]
		},
		"firstperson_lefthand": {
			"rotation": [50, 0, 75],
			"translation": [3, 0.5, -6]
		},
		"ground": {
			"translation": [0, 2.5, 0],
			"scale": [0.5, 0.5, 0.5]
		},
		"gui": {
			"rotation": [90, 0, 0]
		},
		"head": {
			"rotation": [90, 0, 0],
			"translation": [0, 0, 14.5]
		},
		"fixed": {
			"rotation": [-90, 0, 0],
			"translation": [0, 0, -8]
		}
	},
	"groups": [
		{
			"name": "rail",
			"origin": [8, 8, 8],
			"color": 0,
			"children": [0, 1, 2, 3, 4, 5, 6, 7]
		},
		{
			"name": "steps",
			"origin": [8, 8, 8],
			"color": 0,
			"children": [8, 9, 10, 11]
		}
	]
}