{
	"credit": "Made with Blockbench",
	"texture_size": [32, 32],
	"textures": {
		"1": "littlelogistics:block/rays_automatic_tee_junction_off",
		"particle": "littlelogistics:block/rays_automatic_tee_junction_off"
	},
	"elements": [
		{
			"name": "-connector",
			"from": [3, 1, 13.485],
			"to": [4, 2, 16],
			"faces": {
				"north": {"uv": [2, 11, 2.5, 11.5], "texture": "#1"},
				"east": {"uv": [9.5, 9, 11, 9.5], "texture": "#1"},
				"south": {"uv": [4, 11.5, 4.5, 12], "texture": "#1"},
				"west": {"uv": [1, 10, 2.5, 10.5], "texture": "#1"},
				"up": {"uv": [10.5, 3.5, 10, 2], "texture": "#1"},
				"down": {"uv": [3, 10, 2.5, 11.5], "texture": "#1"}
			}
		},
		{
			"name": "connector",
			"from": [13.484, 1, 3],
			"to": [16, 2, 4],
			"faces": {
				"north": {"uv": [3, 10, 4.5, 10.5], "texture": "#1"},
				"east": {"uv": [11.5, 4, 12, 4.5], "texture": "#1"},
				"south": {"uv": [10, 3.5, 11.5, 4], "texture": "#1"},
				"west": {"uv": [4.5, 11.5, 5, 12], "texture": "#1"},
				"up": {"uv": [11.5, 4.5, 10, 4], "texture": "#1"},
				"down": {"uv": [6, 10, 4.5, 10.5], "texture": "#1"}
			}
		},
		{
			"name": "-22,5",
			"from": [7.928, 1.002, 6.23],
			"to": [8.928, 1.998, 11.31],
			"rotation": {"angle": -22.5, "axis": "y", "origin": [0, 0, 0]},
			"faces": {
				"north": {"uv": [11.5, 4.5, 12, 5], "texture": "#1"},
				"east": {"uv": [4, 7, 6.5, 7.5], "texture": "#1"},
				"south": {"uv": [5, 11.5, 5.5, 12], "texture": "#1"},
				"west": {"uv": [7, 6, 9.5, 6.5], "texture": "#1"},
				"up": {"uv": [7, 9.5, 6.5, 7], "texture": "#1"},
				"down": {"uv": [7.5, 6.5, 7, 9], "texture": "#1"}
			}
		},
		{
			"name": "22,5",
			"from": [6.229, 1.002, 7.928],
			"to": [11.31, 1.998, 8.928],
			"rotation": {"angle": 22.5, "axis": "y", "origin": [0, 0, 0]},
			"faces": {
				"north": {"uv": [7.5, 2, 10, 2.5], "texture": "#1"},
				"east": {"uv": [11.5, 5, 12, 5.5], "texture": "#1"},
				"south": {"uv": [7.5, 2.5, 10, 3], "texture": "#1"},
				"west": {"uv": [5.5, 11.5, 6, 12], "texture": "#1"},
				"up": {"uv": [10, 3.5, 7.5, 3], "texture": "#1"},
				"down": {"uv": [10, 3.5, 7.5, 4], "texture": "#1"}
			}
		},
		{
			"name": "45",
			"from": [-2.72, 1, 9.706],
			"to": [2.72, 2, 10.706],
			"rotation": {"angle": 45, "axis": "y", "origin": [0, 0, 0]},
			"faces": {
				"north": {"uv": [4, 7.5, 6.5, 8], "texture": "#1"},
				"east": {"uv": [11.5, 5.5, 12, 6], "texture": "#1"},
				"south": {"uv": [7.5, 6.5, 10, 7], "texture": "#1"},
				"west": {"uv": [6, 11.5, 6.5, 12], "texture": "#1"},
				"up": {"uv": [10, 7.5, 7.5, 7], "texture": "#1"},
				"down": {"uv": [10, 7.5, 7.5, 8], "texture": "#1"}
			}
		},
		{
			"name": "connector",
			"from": [0, 1, 3],
			"to": [2.516, 1.5, 4],
			"faces": {
				"north": {"uv": [10, 4.5, 11.5, 5], "texture": "#1"},
				"east": {"uv": [6.5, 11.5, 7, 12], "texture": "#1"},
				"south": {"uv": [10, 5, 11.5, 5.5], "texture": "#1"},
				"west": {"uv": [11.5, 6.5, 12, 7], "texture": "#1"},
				"up": {"uv": [11.5, 6, 10, 5.5], "texture": "#1"},
				"down": {"uv": [7.5, 10, 6, 10.5], "texture": "#1"}
			}
		},
		{
			"name": "22,6",
			"from": [3.47, 1.002, 1.81],
			"to": [8.551, 1.498, 2.81],
			"rotation": {"angle": -22.5, "axis": "y", "origin": [0, 0, 0]},
			"faces": {
				"north": {"uv": [4, 8, 6.5, 8.5], "texture": "#1"},
				"east": {"uv": [7, 11.5, 7.5, 12], "texture": "#1"},
				"south": {"uv": [7.5, 8, 10, 8.5], "texture": "#1"},
				"west": {"uv": [11.5, 7, 12, 7.5], "texture": "#1"},
				"up": {"uv": [6.5, 9, 4, 8.5], "texture": "#1"},
				"down": {"uv": [10, 8.5, 7.5, 9], "texture": "#1"}
			}
		},
		{
			"name": "46",
			"from": [8.58, 1.004, -1.594],
			"to": [14.02, 1.5, -0.594],
			"rotation": {"angle": -45, "axis": "y", "origin": [0, 0, 0]},
			"faces": {
				"north": {"uv": [4, 9, 6.5, 9.5], "texture": "#1"},
				"east": {"uv": [7.5, 11.5, 8, 12], "texture": "#1"},
				"south": {"uv": [7, 9, 9.5, 9.5], "texture": "#1"},
				"west": {"uv": [8, 11.5, 8.5, 12], "texture": "#1"},
				"up": {"uv": [6.5, 10, 4, 9.5], "texture": "#1"},
				"down": {"uv": [12, 6, 9.5, 6.5], "texture": "#1"}
			}
		},
		{
			"name": "-22,6",
			"from": [5.835, 1.002, 12.34],
			"to": [6.835, 1.498, 17.42],
			"rotation": {"angle": 22.5, "axis": "y", "origin": [0, 0, 0]},
			"faces": {
				"north": {"uv": [8.5, 11.5, 9, 12], "texture": "#1"},
				"east": {"uv": [6.5, 9.5, 9, 10], "texture": "#1"},
				"south": {"uv": [11.5, 8.5, 12, 9], "texture": "#1"},
				"west": {"uv": [9, 9.5, 11.5, 10], "texture": "#1"},
				"up": {"uv": [0.5, 12.5, 0, 10], "texture": "#1"},
				"down": {"uv": [1, 10, 0.5, 12.5], "texture": "#1"}
			}
		},
		{
			"name": "-connector",
			"from": [12.004, 1.004, 13.485],
			"to": [12.996, 1.5, 15.995],
			"faces": {
				"north": {"uv": [9, 11.5, 9.5, 12], "texture": "#1"},
				"east": {"uv": [10, 6.5, 11.5, 7], "texture": "#1"},
				"south": {"uv": [9.5, 11.5, 10, 12], "texture": "#1"},
				"west": {"uv": [10, 7, 11.5, 7.5], "texture": "#1"},
				"up": {"uv": [8, 11.5, 7.5, 10], "texture": "#1"},
				"down": {"uv": [10.5, 7.5, 10, 9], "texture": "#1"}
			}
		},
		{
			"name": "connector",
			"from": [15.275, 1, 12],
			"to": [16, 2, 13],
			"faces": {
				"north": {"uv": [11.5, 9.5, 12, 10], "texture": "#1"},
				"east": {"uv": [10, 11.5, 10.5, 12], "texture": "#1"},
				"south": {"uv": [10.5, 11.5, 11, 12], "texture": "#1"},
				"west": {"uv": [11, 11.5, 11.5, 12], "texture": "#1"},
				"up": {"uv": [12, 12, 11.5, 11.5], "texture": "#1"},
				"down": {"uv": [12.5, 0, 12, 0.5], "texture": "#1"}
			}
		},
		{
			"name": "connector",
			"from": [12, 1, 15.275],
			"to": [13, 2, 16],
			"faces": {
				"north": {"uv": [12, 0.5, 12.5, 1], "texture": "#1"},
				"east": {"uv": [1, 12, 1.5, 12.5], "texture": "#1"},
				"south": {"uv": [12, 1, 12.5, 1.5], "texture": "#1"},
				"west": {"uv": [1.5, 12, 2, 12.5], "texture": "#1"},
				"up": {"uv": [12.5, 2, 12, 1.5], "texture": "#1"},
				"down": {"uv": [2.5, 12, 2, 12.5], "texture": "#1"}
			}
		},
		{
			"from": [8.02, 1.002, 16.928],
			"to": [9.52, 1.998, 17.928],
			"rotation": {"angle": 22.5, "axis": "y", "origin": [0, 0, 0]},
			"faces": {
				"north": {"uv": [10.5, 2.5, 11.5, 3], "texture": "#1"},
				"east": {"uv": [12, 2, 12.5, 2.5], "texture": "#1"},
				"south": {"uv": [3, 10.5, 4, 11], "texture": "#1"},
				"west": {"uv": [2.5, 12, 3, 12.5], "texture": "#1"},
				"up": {"uv": [11.5, 3.5, 10.5, 3], "texture": "#1"},
				"down": {"uv": [5, 10.5, 4, 11], "texture": "#1"}
			}
		},
		{
			"from": [16.928, 1.002, 8.02],
			"to": [17.928, 1.998, 9.52],
			"rotation": {"angle": -22.5, "axis": "y", "origin": [0, 0, 0]},
			"faces": {
				"north": {"uv": [3, 12, 3.5, 12.5], "texture": "#1"},
				"east": {"uv": [5, 10.5, 6, 11], "texture": "#1"},
				"south": {"uv": [3.5, 12, 4, 12.5], "texture": "#1"},
				"west": {"uv": [6, 10.5, 7, 11], "texture": "#1"},
				"up": {"uv": [7.5, 11.5, 7, 10.5], "texture": "#1"},
				"down": {"uv": [11, 7.5, 10.5, 8.5], "texture": "#1"}
			}
		},
		{
			"name": "middle",
			"from": [-0.93, 1, 18.7082],
			"to": [0.93, 2, 19.7082],
			"rotation": {"angle": 45, "axis": "y", "origin": [0, 0, 0]},
			"faces": {
				"north": {"uv": [8, 10.5, 9, 11], "texture": "#1"},
				"east": {"uv": [4, 12, 4.5, 12.5], "texture": "#1"},
				"south": {"uv": [10.5, 8.5, 11.5, 9], "texture": "#1"},
				"west": {"uv": [12, 4, 12.5, 4.5], "texture": "#1"},
				"up": {"uv": [10, 11, 9, 10.5], "texture": "#1"},
				"down": {"uv": [11, 10.5, 10, 11], "texture": "#1"}
			}
		},
		{
			"name": "connector",
			"from": [0, 1, 12],
			"to": [0.725, 1.5, 13],
			"faces": {
				"north": {"uv": [4.5, 12, 5, 12.5], "texture": "#1"},
				"east": {"uv": [12, 4.5, 12.5, 5], "texture": "#1"},
				"south": {"uv": [5, 12, 5.5, 12.5], "texture": "#1"},
				"west": {"uv": [12, 5, 12.5, 5.5], "texture": "#1"},
				"up": {"uv": [6, 12.5, 5.5, 12], "texture": "#1"},
				"down": {"uv": [12.5, 5.5, 12, 6], "texture": "#1"}
			}
		},
		{
			"from": [5.26, 1.006, 10.81],
			"to": [6.76, 1.498, 11.81],
			"rotation": {"angle": -22.5, "axis": "y", "origin": [0, 0, 0]},
			"faces": {
				"north": {"uv": [1, 11, 2, 11.5], "texture": "#1"},
				"east": {"uv": [6, 12, 6.5, 12.5], "texture": "#1"},
				"south": {"uv": [3, 11, 4, 11.5], "texture": "#1"},
				"west": {"uv": [12, 6, 12.5, 6.5], "texture": "#1"},
				"up": {"uv": [5, 11.5, 4, 11], "texture": "#1"},
				"down": {"uv": [6, 11, 5, 11.5], "texture": "#1"}
			}
		},
		{
			"name": "middle",
			"from": [10.38, 1.004, 7.402],
			"to": [12.24, 1.5, 8.402],
			"rotation": {"angle": -45, "axis": "y", "origin": [0, 0, 0]},
			"faces": {
				"north": {"uv": [6, 11, 7, 11.5], "texture": "#1"},
				"east": {"uv": [6.5, 12, 7, 12.5], "texture": "#1"},
				"south": {"uv": [11, 7.5, 12, 8], "texture": "#1"},
				"west": {"uv": [12, 6.5, 12.5, 7], "texture": "#1"},
				"up": {"uv": [9, 11.5, 8, 11], "texture": "#1"},
				"down": {"uv": [12, 8, 11, 8.5], "texture": "#1"}
			}
		},
		{
			"from": [-3.15, 1.006, 14.14],
			"to": [-2.15, 1.498, 15.54],
			"rotation": {"angle": 22.5, "axis": "y", "origin": [0, 0, 0]},
			"faces": {
				"north": {"uv": [7, 12, 7.5, 12.5], "texture": "#1"},
				"east": {"uv": [12, 7, 12.5, 7.5], "texture": "#1"},
				"south": {"uv": [7.5, 12, 8, 12.5], "texture": "#1"},
				"west": {"uv": [12, 7.5, 12.5, 8], "texture": "#1"},
				"up": {"uv": [8.5, 12.5, 8, 12], "texture": "#1"},
				"down": {"uv": [12.5, 8, 12, 8.5], "texture": "#1"}
			}
		},
		{
			"from": [7.15, 0.004, 8],
			"to": [19.15, 0.996, 10],
			"rotation": {"angle": -22.5, "axis": "y", "origin": [0, 0, 0]},
			"faces": {
				"north": {"uv": [4, 4, 10, 4.5], "texture": "#1"},
				"east": {"uv": [9, 11, 10, 11.5], "texture": "#1"},
				"south": {"uv": [4, 4.5, 10, 5], "texture": "#1"},
				"west": {"uv": [11, 9, 12, 9.5], "texture": "#1"},
				"up": {"uv": [6, 1, 0, 0], "texture": "#1"},
				"down": {"uv": [6, 1, 0, 2], "texture": "#1"}
			}
		},
		{
			"from": [-4.25, 0, 14.1],
			"to": [7.75, 1, 16.1],
			"rotation": {"angle": 22.5, "axis": "y", "origin": [0, 0, 0]},
			"faces": {
				"north": {"uv": [4, 5, 10, 5.5], "texture": "#1"},
				"east": {"uv": [10, 11, 11, 11.5], "texture": "#1"},
				"south": {"uv": [4, 5.5, 10, 6], "texture": "#1"},
				"west": {"uv": [11, 10, 12, 10.5], "texture": "#1"},
				"up": {"uv": [6, 3, 0, 2], "texture": "#1"},
				"down": {"uv": [6, 3, 0, 4], "texture": "#1"}
			}
		},
		{
			"from": [8, 0, 7.15],
			"to": [10, 1, 19.15],
			"rotation": {"angle": 22.5, "axis": "y", "origin": [0, 0, 0]},
			"faces": {
				"north": {"uv": [11, 10.5, 12, 11], "texture": "#1"},
				"east": {"uv": [6, 0, 12, 0.5], "texture": "#1"},
				"south": {"uv": [11, 11, 12, 11.5], "texture": "#1"},
				"west": {"uv": [6, 0.5, 12, 1], "texture": "#1"},
				"up": {"uv": [1, 10, 0, 4], "texture": "#1"},
				"down": {"uv": [2, 4, 1, 10], "texture": "#1"}
			}
		},
		{
			"from": [4.9, 0.004, 1],
			"to": [6.9, 0.996, 13],
			"rotation": {"angle": -22.5, "axis": "y", "origin": [0, 0, 0]},
			"faces": {
				"north": {"uv": [1, 11.5, 2, 12], "texture": "#1"},
				"east": {"uv": [6, 1, 12, 1.5], "texture": "#1"},
				"south": {"uv": [2, 11.5, 3, 12], "texture": "#1"},
				"west": {"uv": [6, 1.5, 12, 2], "texture": "#1"},
				"up": {"uv": [3, 10, 2, 4], "texture": "#1"},
				"down": {"uv": [4, 4, 3, 10], "texture": "#1"}
			}
		},
		{
			"from": [13.15, 1.004, 8],
			"to": [16.15, 1.096, 10],
			"rotation": {"angle": -22.5, "axis": "y", "origin": [0, 0, 0]},
			"faces": {
				"north": {"uv": [8, 10, 9.5, 10.5], "texture": "#1"},
				"east": {"uv": [11.5, 2.5, 12.5, 3], "texture": "#1"},
				"south": {"uv": [9.5, 10, 11, 10.5], "texture": "#1"},
				"west": {"uv": [3, 11.5, 4, 12], "texture": "#1"},
				"up": {"uv": [7.5, 3, 6, 2], "texture": "#1"},
				"down": {"uv": [7.5, 3, 6, 4], "texture": "#1"}
			}
		},
		{
			"from": [-1.25, 1, 14.1],
			"to": [1.75, 1.1, 16.1],
			"rotation": {"angle": 22.5, "axis": "y", "origin": [0, 0, 0]},
			"faces": {
				"north": {"uv": [1, 10.5, 2.5, 11], "texture": "#1"},
				"east": {"uv": [11.5, 3, 12.5, 3.5], "texture": "#1"},
				"south": {"uv": [10.5, 2, 12, 2.5], "texture": "#1"},
				"west": {"uv": [11.5, 3.5, 12.5, 4], "texture": "#1"},
				"up": {"uv": [5.5, 7, 4, 6], "texture": "#1"},
				"down": {"uv": [7, 6, 5.5, 7], "texture": "#1"}
			}
		}
	],
	"gui_light": "front",
	"display": {
		"thirdperson_righthand": {
			"rotation": [90, 0, 0],
			"translation": [0, 2.25, 4.5],
			"scale": [0.6, 0.6, 0.6]
		},
		"thirdperson_lefthand": {
			"rotation": [90, 0, 0],
			"translation": [0, 2.25, 4.5],
			"scale": [0.6, 0.6, 0.6]
		},
		"firstperson_righthand": {
			"rotation": [50, 0, 75],
			"translation": [3, 0.5, -6]
		},
		"firstperson_lefthand": {
			"rotation": [50, 0, 75],
			"translation": [3, 0.5, -6]
		},
		"ground": {
			"translation": [0, 2.5, 0],
			"scale": [0.5, 0.5, 0.5]
		},
		"gui": {
			"rotation": [90, 0, 0]
		},
		"head": {
			"rotation": [90, 0, 0],
			"translation": [0, 0, 14.5]
		},
		"fixed": {
			"rotation": [-90, 0, 0],
			"translation": [0, 0, -8]
		}
	},
	"groups": [
		{
			"name": "rail",
			"origin": [8, 8, 8],
			"color": 0,
			"children": [
				{
					"name": "rail_right_out",
					"origin": [8, 8, 8],
					"color": 0,
					"children": [0, 1, 2, 3, 4]
				},
				{
					"name": "rail_left_out",
					"origin": [8, 8, 8],
					"color": 0,
					"children": [5, 6, 7, 8, 9]
				},
				{
					"name": "rail_right_in",
					"origin": [8, 8, 8],
					"color": 0,
					"children": [10, 11, 12, 13, 14]
				},
				{
					"name": "rail_left_in",
					"origin": [8, 8, 8],
					"color": 0,
					"children": [15, 16, 17, 18]
				}
			]
		},
		{
			"name": "steps",
			"origin": [8, 8, 8],
			"color": 0,
			"children": [19, 20, 21, 22]
		},
		{
			"name": "redstone",
			"origin": [8, 8, 8],
			"color": 0,
			"children": [23, 24]
		}
	]
}