{
	"credit": "Made with Blockbench, by xR4YM0ND",
	"textures": {
		"0": "thermal:block/rays_lumium_rail_corner",
		"particle": "thermal:block/rays_lumium_rail_corner"
	},
	"elements": [
		{
			"from": [7.15, 0.004, 8],
			"to": [19.15, 0.996, 10],
			"rotation": {"angle": -22.5, "axis": "y", "origin": [0, 0, 0]},
			"faces": {
				"north": {"uv": [4, 2, 10, 2.5], "texture": "#0"},
				"east": {"uv": [0, 8, 1, 8.5], "texture": "#0"},
				"south": {"uv": [4, 2.5, 10, 3], "texture": "#0"},
				"west": {"uv": [1, 8, 2, 8.5], "texture": "#0"},
				"up": {"uv": [6, 1, 0, 0], "texture": "#0"},
				"down": {"uv": [6, 1, 0, 2], "texture": "#0"}
			}
		},
		{
			"from": [8, 0, 7.15],
			"to": [10, 1, 19.15],
			"rotation": {"angle": 22.5, "axis": "y", "origin": [0, 0, 0]},
			"faces": {
				"north": {"uv": [2, 8, 3, 8.5], "texture": "#0"},
				"east": {"uv": [4, 3, 10, 3.5], "texture": "#0"},
				"south": {"uv": [3, 8, 4, 8.5], "texture": "#0"},
				"west": {"uv": [4, 3.5, 10, 4], "texture": "#0"},
				"up": {"uv": [1, 8, 0, 2], "texture": "#0"},
				"down": {"uv": [2, 2, 1, 8], "texture": "#0"}
			}
		},
		{
			"from": [-1, 0.01, 8.9],
			"to": [1, 0.99, 20.9],
			"rotation": {"angle": 45, "axis": "y", "origin": [0, 0, 0]},
			"faces": {
				"north": {"uv": [6, 8, 7, 8.5], "texture": "#0"},
				"east": {"uv": [4, 4, 10, 4.5], "texture": "#0"},
				"south": {"uv": [7, 8, 8, 8.5], "texture": "#0"},
				"west": {"uv": [4, 4.5, 10, 5], "texture": "#0"},
				"up": {"uv": [3, 8, 2, 2], "texture": "#0"},
				"down": {"uv": [4, 2, 3, 8], "texture": "#0"}
			}
		},
		{
			"name": "connector",
			"from": [12, 1, 15.275],
			"to": [13, 2, 16],
			"faces": {
				"north": {"uv": [4.5, 8.5, 5, 9], "texture": "#0"},
				"east": {"uv": [8, 8.5, 8.5, 9], "texture": "#0"},
				"south": {"uv": [8.5, 8.5, 9, 9], "texture": "#0"},
				"west": {"uv": [0, 9, 0.5, 9.5], "texture": "#0"},
				"up": {"uv": [1, 9.5, 0.5, 9], "texture": "#0"},
				"down": {"uv": [1.5, 9, 1, 9.5], "texture": "#0"}
			}
		},
		{
			"name": "connector",
			"from": [15.275, 1, 12],
			"to": [16, 2, 13],
			"faces": {
				"north": {"uv": [9, 1, 9.5, 1.5], "texture": "#0"},
				"east": {"uv": [1.5, 9, 2, 9.5], "texture": "#0"},
				"south": {"uv": [9, 1.5, 9.5, 2], "texture": "#0"},
				"west": {"uv": [2.5, 9, 3, 9.5], "texture": "#0"},
				"up": {"uv": [3.5, 9.5, 3, 9], "texture": "#0"},
				"down": {"uv": [4, 9, 3.5, 9.5], "texture": "#0"}
			}
		},
		{
			"from": [8.02, 1.002, 16.928],
			"to": [9.52, 1.998, 17.928],
			"rotation": {"angle": 22.5, "axis": "y", "origin": [0, 0, 0]},
			"faces": {
				"north": {"uv": [8, 7, 9, 7.5], "texture": "#0"},
				"east": {"uv": [4, 9, 4.5, 9.5], "texture": "#0"},
				"south": {"uv": [8, 8, 9, 8.5], "texture": "#0"},
				"west": {"uv": [4.5, 9, 5, 9.5], "texture": "#0"},
				"up": {"uv": [1, 9, 0, 8.5], "texture": "#0"},
				"down": {"uv": [9.5, 0, 8.5, 0.5], "texture": "#0"}
			}
		},
		{
			"from": [16.928, 1.002, 8.02],
			"to": [17.928, 1.998, 9.52],
			"rotation": {"angle": -22.5, "axis": "y", "origin": [0, 0, 0]},
			"faces": {
				"north": {"uv": [5, 9, 5.5, 9.5], "texture": "#0"},
				"east": {"uv": [8.5, 0.5, 9.5, 1], "texture": "#0"},
				"south": {"uv": [9, 5, 9.5, 5.5], "texture": "#0"},
				"west": {"uv": [1, 8.5, 2, 9], "texture": "#0"},
				"up": {"uv": [9, 2, 8.5, 1], "texture": "#0"},
				"down": {"uv": [2.5, 8.5, 2, 9.5], "texture": "#0"}
			}
		},
		{
			"name": "middle",
			"from": [-0.93, 1, 18.7082],
			"to": [0.93, 2, 19.7082],
			"rotation": {"angle": 45, "axis": "y", "origin": [0, 0, 0]},
			"faces": {
				"north": {"uv": [2.5, 8.5, 3.5, 9], "texture": "#0"},
				"east": {"uv": [5.5, 9, 6, 9.5], "texture": "#0"},
				"south": {"uv": [3.5, 8.5, 4.5, 9], "texture": "#0"},
				"west": {"uv": [9, 5.5, 9.5, 6], "texture": "#0"},
				"up": {"uv": [7, 9, 6, 8.5], "texture": "#0"},
				"down": {"uv": [8, 8.5, 7, 9], "texture": "#0"}
			}
		},
		{
			"name": "-connector",
			"from": [3, 1, 13.485],
			"to": [4, 2, 16],
			"faces": {
				"north": {"uv": [6, 9, 6.5, 9.5], "texture": "#0"},
				"east": {"uv": [5, 7, 6.5, 7.5], "texture": "#0"},
				"south": {"uv": [9, 6, 9.5, 6.5], "texture": "#0"},
				"west": {"uv": [6.5, 7, 8, 7.5], "texture": "#0"},
				"up": {"uv": [5.5, 9, 5, 7.5], "texture": "#0"},
				"down": {"uv": [6, 7.5, 5.5, 9], "texture": "#0"}
			}
		},
		{
			"name": "connector",
			"from": [13.484, 1, 3],
			"to": [16, 2, 4],
			"faces": {
				"north": {"uv": [6, 7.5, 7.5, 8], "texture": "#0"},
				"east": {"uv": [6.5, 9, 7, 9.5], "texture": "#0"},
				"south": {"uv": [7.5, 6, 9, 6.5], "texture": "#0"},
				"west": {"uv": [9, 6.5, 9.5, 7], "texture": "#0"},
				"up": {"uv": [9, 7, 7.5, 6.5], "texture": "#0"},
				"down": {"uv": [9, 7.5, 7.5, 8], "texture": "#0"}
			}
		},
		{
			"name": "-22,5",
			"from": [7.928, 1.002, 6.23],
			"to": [8.928, 1.998, 11.31],
			"rotation": {"angle": -22.5, "axis": "y", "origin": [0, 0, 0]},
			"faces": {
				"north": {"uv": [7, 9, 7.5, 9.5], "texture": "#0"},
				"east": {"uv": [4, 5, 6.5, 5.5], "texture": "#0"},
				"south": {"uv": [9, 7, 9.5, 7.5], "texture": "#0"},
				"west": {"uv": [4, 5.5, 6.5, 6], "texture": "#0"},
				"up": {"uv": [4.5, 8.5, 4, 6], "texture": "#0"},
				"down": {"uv": [5, 6, 4.5, 8.5], "texture": "#0"}
			}
		},
		{
			"name": "22,5",
			"from": [6.229, 1.002, 7.928],
			"to": [11.31, 1.998, 8.928],
			"rotation": {"angle": 22.5, "axis": "y", "origin": [0, 0, 0]},
			"faces": {
				"north": {"uv": [6, 0, 8.5, 0.5], "texture": "#0"},
				"east": {"uv": [7.5, 9, 8, 9.5], "texture": "#0"},
				"south": {"uv": [6, 0.5, 8.5, 1], "texture": "#0"},
				"west": {"uv": [9, 7.5, 9.5, 8], "texture": "#0"},
				"up": {"uv": [8.5, 1.5, 6, 1], "texture": "#0"},
				"down": {"uv": [8.5, 1.5, 6, 2], "texture": "#0"}
			}
		},
		{
			"name": "45",
			"from": [-2.72, 1, 9.706],
			"to": [2.72, 2, 10.706],
			"rotation": {"angle": 45, "axis": "y", "origin": [0, 0, 0]},
			"faces": {
				"north": {"uv": [5, 6, 7.5, 6.5], "texture": "#0"},
				"east": {"uv": [8, 9, 8.5, 9.5], "texture": "#0"},
				"south": {"uv": [5, 6.5, 7.5, 7], "texture": "#0"},
				"west": {"uv": [9, 8, 9.5, 8.5], "texture": "#0"},
				"up": {"uv": [9, 5.5, 6.5, 5], "texture": "#0"},
				"down": {"uv": [9, 5.5, 6.5, 6], "texture": "#0"}
			}
		}
	],
	"groups": [
		{
			"name": "steps",
			"origin": [8, 8, 8],
			"color": 0,
			"children": [0, 1, 2]
		},
		{
			"name": "inner_rail",
			"origin": [8, 8, 8],
			"color": 0,
			"children": [3, 4, 5, 6, 7]
		},
		{
			"name": "outer_rail",
			"origin": [8, 8, 8],
			"color": 0,
			"children": [8, 9, 10, 11, 12]
		}
	]
}