{
	"credit": "Made with Blockbench, by xR4YM0ND",
	"texture_size": [64, 64],
	"textures": {
		"0": "thermal:block/rays_prismarine_detector_rail",
		"particle": "thermal:block/rays_prismarine_detector_rail"
	},
	"elements": [
		{
			"from": [3, 1, 0],
			"to": [4, 2, 16],
			"faces": {
				"north": {"uv": [5, 4, 5.25, 4.25], "texture": "#0"},
				"east": {"uv": [0, 3.5, 4, 3.75], "texture": "#0"},
				"south": {"uv": [4.5, 5, 4.75, 5.25], "texture": "#0"},
				"west": {"uv": [0, 3.75, 4, 4], "texture": "#0"},
				"up": {"uv": [0.25, 8, 0, 4], "texture": "#0"},
				"down": {"uv": [0.5, 4, 0.25, 8], "texture": "#0"}
			}
		},
		{
			"from": [12, 1, 0],
			"to": [13, 2, 16],
			"faces": {
				"north": {"uv": [5, 4.5, 5.25, 4.75], "texture": "#0"},
				"east": {"uv": [0.5, 4, 4.5, 4.25], "texture": "#0"},
				"south": {"uv": [4.75, 5, 5, 5.25], "texture": "#0"},
				"west": {"uv": [4, 3.5, 8, 3.75], "texture": "#0"},
				"up": {"uv": [0.75, 8.25, 0.5, 4.25], "texture": "#0"},
				"down": {"uv": [1, 4.25, 0.75, 8.25], "texture": "#0"}
			}
		},
		{
			"from": [2, 0, 1],
			"to": [14, 1, 3],
			"faces": {
				"north": {"uv": [4, 3.75, 7, 4], "texture": "#0"},
				"east": {"uv": [4.5, 4, 5, 4.25], "texture": "#0"},
				"south": {"uv": [3, 4.25, 6, 4.5], "texture": "#0"},
				"west": {"uv": [3, 4.75, 3.5, 5], "texture": "#0"},
				"up": {"uv": [4.5, 0.5, 1.5, 0], "texture": "#0"},
				"down": {"uv": [4.5, 0.5, 1.5, 1], "texture": "#0"}
			}
		},
		{
			"from": [2, 0, 5],
			"to": [14, 1, 7],
			"faces": {
				"north": {"uv": [4.5, 0, 7.5, 0.25], "texture": "#0"},
				"east": {"uv": [3.5, 4.75, 4, 5], "texture": "#0"},
				"south": {"uv": [4.5, 0.25, 7.5, 0.5], "texture": "#0"},
				"west": {"uv": [4, 4.75, 4.5, 5], "texture": "#0"},
				"up": {"uv": [4.5, 1.5, 1.5, 1], "texture": "#0"},
				"down": {"uv": [4.5, 1.5, 1.5, 2], "texture": "#0"}
			}
		},
		{
			"from": [2, 0, 9],
			"to": [14, 1, 11],
			"faces": {
				"north": {"uv": [4.5, 0.5, 7.5, 0.75], "texture": "#0"},
				"east": {"uv": [4.5, 4.75, 5, 5], "texture": "#0"},
				"south": {"uv": [4.5, 0.75, 7.5, 1], "texture": "#0"},
				"west": {"uv": [3, 5, 3.5, 5.25], "texture": "#0"},
				"up": {"uv": [4.5, 2.5, 1.5, 2], "texture": "#0"},
				"down": {"uv": [4.5, 2.5, 1.5, 3], "texture": "#0"}
			}
		},
		{
			"from": [2, 0, 13],
			"to": [14, 1, 15],
			"faces": {
				"north": {"uv": [4.5, 1, 7.5, 1.25], "texture": "#0"},
				"east": {"uv": [3.5, 5, 4, 5.25], "texture": "#0"},
				"south": {"uv": [4.5, 1.25, 7.5, 1.5], "texture": "#0"},
				"west": {"uv": [4, 5, 4.5, 5.25], "texture": "#0"},
				"up": {"uv": [3, 3.5, 0, 3], "texture": "#0"},
				"down": {"uv": [6, 3, 3, 3.5], "texture": "#0"}
			}
		},
		{
			"from": [5, 1, 5],
			"to": [11, 1.1, 11],
			"faces": {
				"north": {"uv": [4.5, 1.5, 6, 1.75], "texture": "#0"},
				"east": {"uv": [4.5, 1.75, 6, 2], "texture": "#0"},
				"south": {"uv": [4.5, 2, 6, 2.25], "texture": "#0"},
				"west": {"uv": [4.5, 2.25, 6, 2.5], "texture": "#0"},
				"up": {"uv": [1.5, 1.5, 0, 0], "texture": "#0"},
				"down": {"uv": [1.5, 1.5, 0, 3], "texture": "#0"}
			}
		},
		{
			"from": [6, 0.998, 6],
			"to": [10, 1.798, 10],
			"faces": {
				"north": {"uv": [4.5, 2.5, 5.5, 2.75], "texture": "#0"},
				"east": {"uv": [4.5, 2.75, 5.5, 3], "texture": "#0"},
				"south": {"uv": [3, 4.5, 4, 4.75], "texture": "#0"},
				"west": {"uv": [4, 4.5, 5, 4.75], "texture": "#0"},
				"up": {"uv": [2, 5.25, 1, 4.25], "texture": "#0"},
				"down": {"uv": [3, 4.25, 2, 5.25], "texture": "#0"}
			}
		}
	],
	"gui_light": "front",
	"display": {
		"thirdperson_righthand": {
			"rotation": [90, 0, 0],
			"translation": [0, 2.25, 4.5],
			"scale": [0.6, 0.6, 0.6]
		},
		"thirdperson_lefthand": {
			"rotation": [90, 0, 0],
			"translation": [0, 2.25, 4.5],
			"scale": [0.6, 0.6, 0.6]
		},
		"firstperson_righthand": {
			"rotation": [50, 0, 75],
			"translation": [3, 0.5, -6]
		},
		"firstperson_lefthand": {
			"rotation": [50, 0, 75],
			"translation": [3, 0.5, -6]
		},
		"ground": {
			"translation": [0, 2.5, 0],
			"scale": [0.5, 0.5, 0.5]
		},
		"gui": {
			"rotation": [90, 0, 0]
		},
		"head": {
			"rotation": [90, 0, 0],
			"translation": [0, 0, 14.5]
		},
		"fixed": {
			"rotation": [-90, 0, 0],
			"translation": [0, 0, -8]
		}
	},
	"groups": [
		{
			"name": "rail",
			"origin": [8, 8, 8],
			"color": 0,
			"children": [0, 1]
		},
		{
			"name": "steps",
			"origin": [8, 8, 8],
			"color": 0,
			"children": [2, 3, 4, 5]
		},
		{
			"name": "redstone",
			"origin": [8, 8, 8],
			"color": 0,
			"children": [6]
		},
		{
			"name": "button",
			"origin": [8, 8, 8],
			"color": 0,
			"children": [7]
		}
	]
}