{
	"credit": "Made with Blockbench, by xR4YM0ND",
	"texture_size": [32, 32],
	"textures": {
		"0": "thermal:block/rays_prismarine_rail",
		"particle": "thermal:block/rays_prismarine_rail"
	},
	"elements": [
		{
			"from": [3, 1, 0],
			"to": [4, 2, 16],
			"faces": {
				"north": {"uv": [3, 7.5, 3.5, 8], "texture": "#0"},
				"east": {"uv": [6, 1, 14, 1.5], "texture": "#0"},
				"south": {"uv": [3.5, 7.5, 4, 8], "texture": "#0"},
				"west": {"uv": [6, 1.5, 14, 2], "texture": "#0"},
				"up": {"uv": [6.5, 10, 6, 2], "texture": "#0"},
				"down": {"uv": [7, 2, 6.5, 10], "texture": "#0"}
			}
		},
		{
			"from": [12, 1, 0],
			"to": [13, 2, 16],
			"faces": {
				"north": {"uv": [4, 7.5, 4.5, 8], "texture": "#0"},
				"east": {"uv": [7, 2, 15, 2.5], "texture": "#0"},
				"south": {"uv": [4.5, 7.5, 5, 8], "texture": "#0"},
				"west": {"uv": [7, 2.5, 15, 3], "texture": "#0"},
				"up": {"uv": [0.5, 15, 0, 7], "texture": "#0"},
				"down": {"uv": [1, 7, 0.5, 15], "texture": "#0"}
			}
		},
		{
			"from": [2, 0, 1],
			"to": [14, 1, 3],
			"faces": {
				"north": {"uv": [7, 3, 13, 3.5], "texture": "#0"},
				"east": {"uv": [1, 7, 2, 7.5], "texture": "#0"},
				"south": {"uv": [7, 3.5, 13, 4], "texture": "#0"},
				"west": {"uv": [2, 7, 3, 7.5], "texture": "#0"},
				"up": {"uv": [6, 1, 0, 0], "texture": "#0"},
				"down": {"uv": [6, 1, 0, 2], "texture": "#0"}
			}
		},
		{
			"from": [2, 0, 5],
			"to": [14, 1, 7],
			"faces": {
				"north": {"uv": [7, 4, 13, 4.5], "texture": "#0"},
				"east": {"uv": [3, 7, 4, 7.5], "texture": "#0"},
				"south": {"uv": [7, 4.5, 13, 5], "texture": "#0"},
				"west": {"uv": [4, 7, 5, 7.5], "texture": "#0"},
				"up": {"uv": [6, 3, 0, 2], "texture": "#0"},
				"down": {"uv": [6, 3, 0, 4], "texture": "#0"}
			}
		},
		{
			"from": [2, 0, 9],
			"to": [14, 1, 11],
			"faces": {
				"north": {"uv": [7, 5, 13, 5.5], "texture": "#0"},
				"east": {"uv": [5, 7, 6, 7.5], "texture": "#0"},
				"south": {"uv": [7, 5.5, 13, 6], "texture": "#0"},
				"west": {"uv": [7, 7, 8, 7.5], "texture": "#0"},
				"up": {"uv": [6, 5, 0, 4], "texture": "#0"},
				"down": {"uv": [6, 5, 0, 6], "texture": "#0"}
			}
		},
		{
			"from": [2, 0, 13],
			"to": [14, 1, 15],
			"faces": {
				"north": {"uv": [7, 6, 13, 6.5], "texture": "#0"},
				"east": {"uv": [1, 7.5, 2, 8], "texture": "#0"},
				"south": {"uv": [7, 6.5, 13, 7], "texture": "#0"},
				"west": {"uv": [2, 7.5, 3, 8], "texture": "#0"},
				"up": {"uv": [6, 7, 0, 6], "texture": "#0"},
				"down": {"uv": [12, 0, 6, 1], "texture": "#0"}
			}
		}
	],
	"gui_light": "front",
	"display": {
		"thirdperson_righthand": {
			"rotation": [90, 0, 0],
			"translation": [0, 2.25, 4.5],
			"scale": [0.6, 0.6, 0.6]
		},
		"thirdperson_lefthand": {
			"rotation": [90, 0, 0],
			"translation": [0, 2.25, 4.5],
			"scale": [0.6, 0.6, 0.6]
		},
		"firstperson_righthand": {
			"rotation": [50, 0, 75],
			"translation": [3, 0.5, -6]
		},
		"firstperson_lefthand": {
			"rotation": [50, 0, 75],
			"translation": [3, 0.5, -6]
		},
		"ground": {
			"translation": [0, 2.5, 0],
			"scale": [0.5, 0.5, 0.5]
		},
		"gui": {
			"rotation": [90, 0, 0]
		},
		"head": {
			"rotation": [90, 0, 0],
			"translation": [0, 0, 14.5]
		},
		"fixed": {
			"rotation": [-90, 0, 0],
			"translation": [0, 0, -8]
		}
	},
	"groups": [
		{
			"name": "rail",
			"origin": [8, 8, 8],
			"color": 0,
			"children": [0, 1]
		},
		{
			"name": "steps",
			"origin": [8, 8, 8],
			"color": 0,
			"children": [2, 3, 4, 5]
		}
	]
}