{
	"credit": "xR4YM0ND, Notch",
	"textures": {
		"base_1": "rays_3d_rails:block/oak/base_3",
		"base_2": "rays_3d_rails:block/oak/base_1",
		"base_3": "rays_3d_rails:block/oak/base_4",
		"base_4": "rays_3d_rails:block/oak/base_2",
		"rail_1": "rays_3d_rails:block/iron/rail_4",
		"rail_2": "rays_3d_rails:block/iron/rail_3",
		"redstone_1": "rays_3d_rails:block/redstone/rail_4_on",
		"redstone_2": "rays_3d_rails:block/redstone/rail_3_on",
		"pressure_plate": "rays_3d_rails:block/stone/pressure_plate",
		"particle": "rays_3d_rails:block/oak/base_1"
	},
	"elements": [
		{
			"name": "rail",
			"from": [3, 1, 0],
			"to": [4, 2, 16],
			"rotation": {"angle": 0, "axis": "y", "origin": [3, 1, 0]},
			"faces": {
				"north": {"uv": [0, 4, 1, 5], "texture": "#rail_1"},
				"east": {"uv": [0, 0, 16, 1], "texture": "#rail_1"},
				"south": {"uv": [1, 4, 2, 5], "texture": "#rail_1"},
				"west": {"uv": [0, 1, 16, 2], "texture": "#rail_1"},
				"up": {"uv": [0, 2, 16, 3], "rotation": 90, "texture": "#rail_1"},
				"down": {"uv": [0, 3, 16, 4], "rotation": 90, "texture": "#rail_1"}
			}
		},
		{
			"name": "rail",
			"from": [12, 1, 0],
			"to": [13, 2, 16],
			"rotation": {"angle": 0, "axis": "y", "origin": [12, 1, 0]},
			"faces": {
				"north": {"uv": [0, 4, 1, 5], "texture": "#rail_2"},
				"east": {"uv": [0, 0, 16, 1], "texture": "#rail_2"},
				"south": {"uv": [1, 4, 2, 5], "texture": "#rail_2"},
				"west": {"uv": [0, 1, 16, 2], "texture": "#rail_2"},
				"up": {"uv": [0, 2, 16, 3], "rotation": 90, "texture": "#rail_2"},
				"down": {"uv": [0, 3, 16, 4], "rotation": 90, "texture": "#rail_2"}
			}
		},
		{
			"name": "wood",
			"from": [2, 0, 1],
			"to": [14, 1, 3],
			"rotation": {"angle": 0, "axis": "y", "origin": [2, 0, 1]},
			"faces": {
				"north": {"uv": [0, 4, 12, 5], "texture": "#base_1"},
				"east": {"uv": [0, 6, 2, 7], "texture": "#base_1"},
				"south": {"uv": [0, 5, 12, 6], "texture": "#base_1"},
				"west": {"uv": [2, 6, 4, 7], "texture": "#base_1"},
				"up": {"uv": [12, 2, 0, 0], "texture": "#base_1"},
				"down": {"uv": [12, 2, 0, 4], "texture": "#base_1"}
			}
		},
		{
			"name": "wood",
			"from": [2, 0, 5],
			"to": [14, 1, 7],
			"rotation": {"angle": 0, "axis": "y", "origin": [2, 0, 5]},
			"faces": {
				"north": {"uv": [0, 4, 12, 5], "texture": "#base_2"},
				"east": {"uv": [0, 6, 2, 7], "texture": "#base_2"},
				"south": {"uv": [0, 5, 12, 6], "texture": "#base_2"},
				"west": {"uv": [2, 6, 4, 7], "texture": "#base_2"},
				"up": {"uv": [12, 2, 0, 0], "texture": "#base_2"},
				"down": {"uv": [12, 2, 0, 4], "texture": "#base_2"}
			}
		},
		{
			"name": "wood",
			"from": [2, 0, 9],
			"to": [14, 1, 11],
			"rotation": {"angle": 0, "axis": "y", "origin": [2, 0, 9]},
			"faces": {
				"north": {"uv": [0, 4, 12, 5], "texture": "#base_3"},
				"east": {"uv": [0, 6, 2, 7], "texture": "#base_3"},
				"south": {"uv": [0, 5, 12, 6], "texture": "#base_3"},
				"west": {"uv": [2, 6, 4, 7], "texture": "#base_3"},
				"up": {"uv": [12, 2, 0, 0], "texture": "#base_3"},
				"down": {"uv": [12, 2, 0, 4], "texture": "#base_3"}
			}
		},
		{
			"name": "wood",
			"from": [2, 0, 13],
			"to": [14, 1, 15],
			"rotation": {"angle": 0, "axis": "y", "origin": [2, 0, 13]},
			"faces": {
				"north": {"uv": [0, 4, 12, 5], "texture": "#base_4"},
				"east": {"uv": [0, 6, 2, 7], "texture": "#base_4"},
				"south": {"uv": [0, 5, 12, 6], "texture": "#base_4"},
				"west": {"uv": [2, 6, 4, 7], "texture": "#base_4"},
				"up": {"uv": [12, 2, 0, 0], "texture": "#base_4"},
				"down": {"uv": [12, 2, 0, 4], "texture": "#base_4"}
			}
		},
		{
			"name": "redstone_rail",
			"from": [4, 1, 0],
			"to": [4.3, 1.3, 16],
			"rotation": {"angle": 0, "axis": "y", "origin": [4, 1, 0]},
			"faces": {
				"north": {"uv": [1, 4, 2, 5], "texture": "#redstone_2"},
				"east": {"uv": [0, 2, 16, 3], "texture": "#redstone_2"},
				"south": {"uv": [0, 4, 1, 5], "texture": "#redstone_2"},
				"west": {"uv": [0, 1, 16, 2], "texture": "#redstone_2"},
				"up": {"uv": [0, 0, 16, 1], "rotation": 90, "texture": "#redstone_2"},
				"down": {"uv": [0, 3, 16, 4], "rotation": 90, "texture": "#redstone_2"}
			}
		},
		{
			"name": "redstone_rail",
			"from": [11.7, 1, 0],
			"to": [12, 1.3, 16],
			"rotation": {"angle": 0, "axis": "y", "origin": [11, 1, 0]},
			"faces": {
				"north": {"uv": [1, 4, 2, 5], "texture": "#redstone_1"},
				"east": {"uv": [0, 2, 16, 3], "texture": "#redstone_1"},
				"south": {"uv": [0, 4, 1, 5], "texture": "#redstone_1"},
				"west": {"uv": [0, 1, 16, 2], "texture": "#redstone_1"},
				"up": {"uv": [0, 0, 16, 1], "rotation": 90, "texture": "#redstone_1"},
				"down": {"uv": [0, 3, 16, 4], "rotation": 90, "texture": "#redstone_1"}
			}
		},
		{
			"name": "stone_pressure_plate",
			"from": [6, 1, 6],
			"to": [10, 1.5, 10],
			"rotation": {"angle": 0, "axis": "y", "origin": [6, 1, 6]},
			"faces": {
				"north": {"uv": [4, 0, 8, 1], "texture": "#pressure_plate"},
				"east": {"uv": [4, 1, 8, 2], "texture": "#pressure_plate"},
				"south": {"uv": [4, 2, 8, 3], "texture": "#pressure_plate"},
				"west": {"uv": [4, 3, 8, 4], "texture": "#pressure_plate"},
				"up": {"uv": [4, 4, 0, 0], "texture": "#pressure_plate"},
				"down": {"uv": [4, 4, 0, 8], "texture": "#pressure_plate"}
			}
		}
	],
	"groups": [
		{
			"name": "rails",
			"origin": [8, 8, 8],
			"color": 0,
			"children": [0, 1, 2, 3]
		},
		{
			"name": "base",
			"origin": [8, 8, 8],
			"color": 0,
			"children": [4, 5]
		},
		{
			"name": "redstone",
			"origin": [8, 8, 8],
			"color": 0,
			"children": [6, 7]
		},
		{
			"name": "additions",
			"origin": [8, 8, 8],
			"color": 0,
			"children": [8]
		}
	]
}