{
	"credit": "xR4YM0ND, Notch",
	"textures": {
		"base_1": "rays_3d_rails:block/oak/base_2",
		"base_2": "rays_3d_rails:block/oak/base_3",
		"base_3": "rays_3d_rails:block/oak/base_4",
		"rail_inner_1": "rays_3d_rails:block/iron/rail_curved_inner_2",
		"rail_outer_1": "rays_3d_rails:block/iron/rail_curved_outer_3",
		"particle": "rays_3d_rails:block/oak/base_1"
	},
	"elements": [
		{
			"name": "wood_-22.5",
			"from": [7.15, 0.004, 8],
			"to": [19.15, 0.996, 10],
			"rotation": {"angle": -22.5, "axis": "y", "origin": [0, 0, 0]},
			"faces": {
				"north": {"uv": [0, 4, 12, 5], "texture": "#base_1"},
				"east": {"uv": [0, 6, 2, 7], "texture": "#base_1"},
				"south": {"uv": [0, 5, 12, 6], "texture": "#base_1"},
				"west": {"uv": [2, 6, 4, 7], "texture": "#base_1"},
				"up": {"uv": [12, 2, 0, 0], "texture": "#base_1"},
				"down": {"uv": [12, 2, 0, 4], "texture": "#base_1"}
			}
		},
		{
			"name": "wood_22.5",
			"from": [8, 0, 7.15],
			"to": [10, 1, 19.15],
			"rotation": {"angle": 22.5, "axis": "y", "origin": [0, 0, 0]},
			"faces": {
				"north": {"uv": [2, 6, 4, 7], "texture": "#base_2"},
				"east": {"uv": [0, 4, 12, 5], "texture": "#base_2"},
				"south": {"uv": [0, 6, 2, 7], "texture": "#base_2"},
				"west": {"uv": [0, 5, 12, 6], "texture": "#base_2"},
				"up": {"uv": [12, 2, 0, 0], "rotation": 90, "texture": "#base_2"},
				"down": {"uv": [0, 4, 12, 2], "rotation": 90, "texture": "#base_2"}
			}
		},
		{
			"name": "wood_45",
			"from": [-1, 0.01, 8.9],
			"to": [1, 0.99, 20.9],
			"rotation": {"angle": 45, "axis": "y", "origin": [0, 0, 0]},
			"faces": {
				"north": {"uv": [2, 6, 4, 7], "texture": "#base_3"},
				"east": {"uv": [0, 4, 12, 5], "texture": "#base_3"},
				"south": {"uv": [0, 6, 2, 7], "texture": "#base_3"},
				"west": {"uv": [0, 5, 12, 6], "texture": "#base_3"},
				"up": {"uv": [12, 2, 0, 0], "rotation": 90, "texture": "#base_3"},
				"down": {"uv": [0, 4, 12, 2], "rotation": 90, "texture": "#base_3"}
			}
		},
		{
			"name": "rail",
			"from": [12, 1, 15.275],
			"to": [13, 2, 16],
			"faces": {
				"north": {"uv": [4, 2, 5, 3], "texture": "#rail_inner_1"},
				"east": {"uv": [4, 3, 5, 4], "texture": "#rail_inner_1"},
				"south": {"uv": [4, 4, 5, 5], "texture": "#rail_inner_1"},
				"west": {"uv": [0, 5, 1, 6], "texture": "#rail_inner_1"},
				"up": {"uv": [2, 6, 1, 5], "texture": "#rail_inner_1"},
				"down": {"uv": [3, 5, 2, 6], "texture": "#rail_inner_1"}
			}
		},
		{
			"name": "rail",
			"from": [15.275, 1, 12],
			"to": [16, 2, 13],
			"faces": {
				"north": {"uv": [5, 2, 6, 3], "texture": "#rail_inner_1"},
				"east": {"uv": [3, 5, 4, 6], "texture": "#rail_inner_1"},
				"south": {"uv": [5, 3, 6, 4], "texture": "#rail_inner_1"},
				"west": {"uv": [4, 5, 5, 6], "texture": "#rail_inner_1"},
				"up": {"uv": [6, 5, 5, 4], "texture": "#rail_inner_1"},
				"down": {"uv": [6, 5, 5, 6], "texture": "#rail_inner_1"}
			}
		},
		{
			"name": "rail",
			"from": [8.02, 1.002, 16.928],
			"to": [9.52, 1.998, 17.928],
			"rotation": {"angle": 22.5, "axis": "y", "origin": [0, 0, 0]},
			"faces": {
				"north": {"uv": [0, 0, 2, 1], "texture": "#rail_inner_1"},
				"east": {"uv": [0, 6, 1, 7], "texture": "#rail_inner_1"},
				"south": {"uv": [0, 1, 2, 2], "texture": "#rail_inner_1"},
				"west": {"uv": [6, 0, 7, 1], "texture": "#rail_inner_1"},
				"up": {"uv": [2, 3, 0, 2], "texture": "#rail_inner_1"},
				"down": {"uv": [4, 0, 2, 1], "texture": "#rail_inner_1"}
			}
		},
		{
			"name": "rail",
			"from": [16.928, 1.002, 8.02],
			"to": [17.928, 1.998, 9.52],
			"rotation": {"angle": -22.5, "axis": "y", "origin": [0, 0, 0]},
			"faces": {
				"north": {"uv": [1, 6, 2, 7], "texture": "#rail_inner_1"},
				"east": {"uv": [2, 1, 4, 2], "texture": "#rail_inner_1"},
				"south": {"uv": [6, 1, 7, 2], "texture": "#rail_inner_1"},
				"west": {"uv": [2, 2, 4, 3], "texture": "#rail_inner_1"},
				"up": {"uv": [1, 5, 0, 3], "texture": "#rail_inner_1"},
				"down": {"uv": [2, 3, 1, 5], "texture": "#rail_inner_1"}
			}
		},
		{
			"name": "rail",
			"from": [-0.93, 1, 18.7082],
			"to": [0.93, 2, 19.7082],
			"rotation": {"angle": 45, "axis": "y", "origin": [0, 0, 0]},
			"faces": {
				"north": {"uv": [2, 3, 4, 4], "texture": "#rail_inner_1"},
				"east": {"uv": [2, 6, 3, 7], "texture": "#rail_inner_1"},
				"south": {"uv": [4, 0, 6, 1], "texture": "#rail_inner_1"},
				"west": {"uv": [6, 2, 7, 3], "texture": "#rail_inner_1"},
				"up": {"uv": [6, 2, 4, 1], "texture": "#rail_inner_1"},
				"down": {"uv": [4, 4, 2, 5], "texture": "#rail_inner_1"}
			}
		},
		{
			"name": "rail",
			"from": [3, 1, 13.485],
			"to": [4, 2, 16],
			"faces": {
				"north": {"uv": [3, 8, 4, 9], "texture": "#rail_outer_1"},
				"east": {"uv": [7, 2, 10, 3], "texture": "#rail_outer_1"},
				"south": {"uv": [4, 8, 5, 9], "texture": "#rail_outer_1"},
				"west": {"uv": [7, 3, 10, 4], "texture": "#rail_outer_1"},
				"up": {"uv": [8, 7, 7, 4], "texture": "#rail_outer_1"},
				"down": {"uv": [6, 7, 5, 10], "texture": "#rail_outer_1"}
			}
		},
		{
			"name": "rail",
			"from": [13.484, 1, 3],
			"to": [16, 2, 4],
			"faces": {
				"north": {"uv": [6, 7, 9, 8], "texture": "#rail_outer_1"},
				"east": {"uv": [6, 8, 7, 9], "texture": "#rail_outer_1"},
				"south": {"uv": [0, 8, 3, 9], "texture": "#rail_outer_1"},
				"west": {"uv": [8, 6, 9, 7], "texture": "#rail_outer_1"},
				"up": {"uv": [11, 5, 8, 4], "texture": "#rail_outer_1"},
				"down": {"uv": [11, 5, 8, 6], "texture": "#rail_outer_1"}
			}
		},
		{
			"name": "rail",
			"from": [7.928, 1.002, 6.23],
			"to": [8.928, 1.998, 11.31],
			"rotation": {"angle": -22.5, "axis": "y", "origin": [0, 0, 0]},
			"faces": {
				"north": {"uv": [7, 8, 8, 9], "texture": "#rail_outer_1"},
				"east": {"uv": [0, 0, 5, 1], "texture": "#rail_outer_1"},
				"south": {"uv": [8, 8, 9, 9], "texture": "#rail_outer_1"},
				"west": {"uv": [0, 1, 5, 2], "texture": "#rail_outer_1"},
				"up": {"uv": [1, 7, 0, 2], "texture": "#rail_outer_1"},
				"down": {"uv": [2, 2, 1, 7], "texture": "#rail_outer_1"}
			}
		},
		{
			"name": "rail",
			"from": [6.229, 1.002, 7.928],
			"to": [11.31, 1.998, 8.928],
			"rotation": {"angle": 22.5, "axis": "y", "origin": [0, 0, 0]},
			"faces": {
				"north": {"uv": [2, 2, 7, 3], "texture": "#rail_outer_1"},
				"east": {"uv": [0, 9, 1, 10], "texture": "#rail_outer_1"},
				"south": {"uv": [2, 3, 7, 4], "texture": "#rail_outer_1"},
				"west": {"uv": [1, 9, 2, 10], "texture": "#rail_outer_1"},
				"up": {"uv": [7, 5, 2, 4], "texture": "#rail_outer_1"},
				"down": {"uv": [10, 0, 5, 1], "texture": "#rail_outer_1"}
			}
		},
		{
			"name": "rail",
			"from": [-2.72, 1, 9.706],
			"to": [2.72, 2, 10.706],
			"rotation": {"angle": 45, "axis": "y", "origin": [0, 0, 0]},
			"faces": {
				"north": {"uv": [5, 1, 10, 2], "texture": "#rail_outer_1"},
				"east": {"uv": [2, 9, 3, 10], "texture": "#rail_outer_1"},
				"south": {"uv": [2, 5, 7, 6], "texture": "#rail_outer_1"},
				"west": {"uv": [3, 9, 4, 10], "texture": "#rail_outer_1"},
				"up": {"uv": [7, 7, 2, 6], "texture": "#rail_outer_1"},
				"down": {"uv": [5, 7, 0, 8], "texture": "#rail_outer_1"}
			}
		}
	],
	"groups": [
		{
			"name": "base",
			"origin": [8, 8, 8],
			"color": 0,
			"children": [0, 1, 2]
		},
		{
			"name": "rails",
			"origin": [8, 8, 8],
			"color": 0,
			"children": [
				{
					"name": "inner",
					"origin": [8, 8, 8],
					"color": 0,
					"children": [3, 4, 5, 6, 7]
				},
				{
					"name": "outer",
					"origin": [8, 8, 8],
					"color": 0,
					"children": [8, 9, 10, 11, 12]
				}
			]
		}
	]
}