{
	"credit": "xR4YM0ND, Notch",
	"textures": {
		"base_1": "rays_3d_rails:block/oak/base_2",
		"base_2": "rays_3d_rails:block/oak/base_4",
		"base_3": "rays_3d_rails:block/oak/base_1",
		"base_4": "rays_3d_rails:block/oak/base_3",
		"iron_1": "rays_3d_rails:block/iron/rail_raised_3",
		"iron_2": "rays_3d_rails:block/iron/rail_raised_1",
		"redstone_1": "rays_3d_rails:block/redstone/rail_raised_3_on",
		"redstone_2": "rays_3d_rails:block/redstone/rail_raised_1_on",
		"particle": "rays_3d_rails:block/oak/base_1"
	},
	"elements": [
		{
			"name": "wood",
			"from": [2, 1.69004, 13.0249],
			"to": [14, 3.69004, 14.0249],
			"rotation": {"angle": -45, "axis": "x", "origin": [8, 2.74004, 13.4572]},
			"faces": {
				"north": {"uv": [0, 4, 12, 2], "texture": "#base_1"},
				"east": {"uv": [0, 6, 2, 7], "rotation": 270, "texture": "#base_1"},
				"south": {"uv": [0, 0, 12, 2], "rotation": 180, "texture": "#base_1"},
				"west": {"uv": [2, 6, 4, 7], "rotation": 90, "texture": "#base_1"},
				"up": {"uv": [0, 4, 12, 5], "rotation": 180, "texture": "#base_1"},
				"down": {"uv": [0, 5, 12, 6], "texture": "#base_1"}
			}
		},
		{
			"name": "wood",
			"from": [2, 5.69004, 13.0249],
			"to": [14, 7.69004, 14.0249],
			"rotation": {"angle": -45, "axis": "x", "origin": [8, 2.74004, 13.4572]},
			"faces": {
				"north": {"uv": [0, 4, 12, 2], "texture": "#base_2"},
				"east": {"uv": [0, 6, 2, 7], "rotation": 270, "texture": "#base_2"},
				"south": {"uv": [0, 0, 12, 2], "rotation": 180, "texture": "#base_2"},
				"west": {"uv": [2, 6, 4, 7], "rotation": 90, "texture": "#base_2"},
				"up": {"uv": [0, 4, 12, 5], "rotation": 180, "texture": "#base_2"},
				"down": {"uv": [0, 5, 12, 6], "texture": "#base_2"}
			}
		},
		{
			"name": "wood",
			"from": [2, 9.69004, 13.0249],
			"to": [14, 11.69004, 14.0249],
			"rotation": {"angle": -45, "axis": "x", "origin": [8, 2.74004, 13.4572]},
			"faces": {
				"north": {"uv": [0, 4, 12, 2], "texture": "#base_3"},
				"east": {"uv": [0, 6, 2, 7], "rotation": 270, "texture": "#base_3"},
				"south": {"uv": [0, 0, 12, 2], "rotation": 180, "texture": "#base_3"},
				"west": {"uv": [2, 6, 4, 7], "rotation": 90, "texture": "#base_3"},
				"up": {"uv": [0, 4, 12, 5], "rotation": 180, "texture": "#base_3"},
				"down": {"uv": [0, 5, 12, 6], "texture": "#base_3"}
			}
		},
		{
			"name": "wood",
			"from": [2, 13.69004, 13.0249],
			"to": [14, 15.69004, 14.0249],
			"rotation": {"angle": -45, "axis": "x", "origin": [8, 2.74004, 13.4572]},
			"faces": {
				"north": {"uv": [0, 4, 12, 2], "texture": "#base_4"},
				"east": {"uv": [0, 6, 2, 7], "rotation": 270, "texture": "#base_4"},
				"south": {"uv": [0, 0, 12, 2], "rotation": 180, "texture": "#base_4"},
				"west": {"uv": [2, 6, 4, 7], "rotation": 90, "texture": "#base_4"},
				"up": {"uv": [0, 4, 12, 5], "rotation": 180, "texture": "#base_4"},
				"down": {"uv": [0, 5, 12, 6], "texture": "#base_4"}
			}
		},
		{
			"name": "wood",
			"from": [2, 17.69004, 13.0249],
			"to": [14, 19.69004, 14.0249],
			"rotation": {"angle": -45, "axis": "x", "origin": [8, 2.74004, 13.4572]},
			"faces": {
				"north": {"uv": [0, 4, 12, 2], "texture": "#base_2"},
				"east": {"uv": [0, 6, 2, 7], "rotation": 270, "texture": "#base_2"},
				"south": {"uv": [0, 0, 12, 2], "rotation": 180, "texture": "#base_2"},
				"west": {"uv": [2, 6, 4, 7], "rotation": 90, "texture": "#base_2"},
				"up": {"uv": [0, 4, 12, 5], "rotation": 180, "texture": "#base_2"},
				"down": {"uv": [0, 5, 12, 6], "texture": "#base_2"}
			}
		},
		{
			"name": "iron_rail_main_lower",
			"from": [3.002, 17.002, 15.62],
			"to": [3.998, 17.998, 22.628],
			"rotation": {"angle": 45, "axis": "x", "origin": [3, 17, 0]},
			"faces": {
				"north": {"uv": [7, 6, 8, 7], "texture": "#iron_1"},
				"east": {"uv": [0, 4, 7, 5], "texture": "#iron_1"},
				"south": {"uv": [7, 7, 8, 8], "texture": "#iron_1"},
				"west": {"uv": [0, 5, 7, 6], "texture": "#iron_1"},
				"up": {"uv": [0, 6, 7, 7], "rotation": 90, "texture": "#iron_1"},
				"down": {"uv": [0, 7, 7, 8], "rotation": 90, "texture": "#iron_1"}
			}
		},
		{
			"name": "iron_rail_main_upper",
			"from": [3.002, 17.002, 0],
			"to": [3.998, 17.998, 15.628],
			"rotation": {"angle": 45, "axis": "x", "origin": [3, 17, 0]},
			"faces": {
				"north": {"uv": [7, 5, 8, 6], "texture": "#iron_1"},
				"east": {"uv": [0, 0, 16, 1], "texture": "#iron_1"},
				"south": {"uv": [7, 4, 8, 5], "texture": "#iron_1"},
				"west": {"uv": [0, 1, 16, 2], "texture": "#iron_1"},
				"up": {"uv": [0, 2, 16, 3], "rotation": 90, "texture": "#iron_1"},
				"down": {"uv": [0, 3, 16, 4], "rotation": 90, "texture": "#iron_1"}
			}
		},
		{
			"name": "iron_rail_filler",
			"from": [3.004, 17.2594, -0.077],
			"to": [3.996, 17.7834, 0.3366],
			"rotation": {"angle": 45, "axis": "x", "origin": [3.5, 17.3, 0.425]},
			"faces": {
				"north": {"uv": [8, 6, 9, 7], "texture": "#iron_1"},
				"east": {"uv": [8, 4, 9, 5], "texture": "#iron_1"},
				"south": {"uv": [9, 4, 10, 5], "texture": "#iron_1"},
				"west": {"uv": [8, 5, 9, 6], "texture": "#iron_1"},
				"up": {"uv": [9, 5, 10, 6], "texture": "#iron_1"},
				"down": {"uv": [8, 7, 9, 8], "texture": "#iron_1"}
			}
		},
		{
			"name": "iron_rail_level",
			"from": [3.006, 17.006, 0],
			"to": [3.994, 17.994, 0.414],
			"rotation": {"angle": 0, "axis": "y", "origin": [3, 17, 0]},
			"faces": {
				"north": {"uv": [9, 6, 10, 7], "texture": "#iron_1"},
				"east": {"uv": [10, 5, 11, 6], "texture": "#iron_1"},
				"south": {"uv": [9, 7, 10, 8], "texture": "#iron_1"},
				"west": {"uv": [10, 6, 11, 7], "texture": "#iron_1"},
				"up": {"uv": [10, 4, 11, 5], "texture": "#iron_1"},
				"down": {"uv": [10, 7, 11, 8], "texture": "#iron_1"}
			}
		},
		{
			"name": "iron_rail_main_lower",
			"from": [12.002, 17.002, 15.62],
			"to": [12.998, 17.998, 22.628],
			"rotation": {"angle": 45, "axis": "x", "origin": [12, 17, 0]},
			"faces": {
				"north": {"uv": [7, 6, 8, 7], "texture": "#iron_2"},
				"east": {"uv": [0, 4, 7, 5], "texture": "#iron_2"},
				"south": {"uv": [7, 7, 8, 8], "texture": "#iron_2"},
				"west": {"uv": [0, 5, 7, 6], "texture": "#iron_2"},
				"up": {"uv": [0, 6, 7, 7], "rotation": 90, "texture": "#iron_2"},
				"down": {"uv": [0, 7, 7, 8], "rotation": 90, "texture": "#iron_2"}
			}
		},
		{
			"name": "iron_rail_main_upper",
			"from": [12.002, 17.002, 0],
			"to": [12.998, 17.998, 15.628],
			"rotation": {"angle": 45, "axis": "x", "origin": [12, 17, 0]},
			"faces": {
				"north": {"uv": [7, 5, 8, 6], "texture": "#iron_2"},
				"east": {"uv": [0, 0, 16, 1], "texture": "#iron_2"},
				"south": {"uv": [7, 4, 8, 5], "texture": "#iron_2"},
				"west": {"uv": [0, 1, 16, 2], "texture": "#iron_2"},
				"up": {"uv": [0, 2, 16, 3], "rotation": 90, "texture": "#iron_2"},
				"down": {"uv": [0, 3, 16, 4], "rotation": 90, "texture": "#iron_2"}
			}
		},
		{
			"name": "iron_rail_filler",
			"from": [12.004, 17.2594, -0.077],
			"to": [12.996, 17.7834, 0.3366],
			"rotation": {"angle": 45, "axis": "x", "origin": [12.5, 17.3, 0.425]},
			"faces": {
				"north": {"uv": [8, 6, 9, 7], "texture": "#iron_2"},
				"east": {"uv": [8, 4, 9, 5], "texture": "#iron_2"},
				"south": {"uv": [9, 4, 10, 5], "texture": "#iron_2"},
				"west": {"uv": [8, 5, 9, 6], "texture": "#iron_2"},
				"up": {"uv": [9, 5, 10, 6], "texture": "#iron_2"},
				"down": {"uv": [8, 7, 9, 8], "texture": "#iron_2"}
			}
		},
		{
			"name": "iron_rail_level",
			"from": [12.006, 17.006, 0],
			"to": [12.994, 17.994, 0.414],
			"rotation": {"angle": 0, "axis": "y", "origin": [12, 17, 0]},
			"faces": {
				"north": {"uv": [9, 6, 10, 7], "texture": "#iron_2"},
				"east": {"uv": [10, 5, 11, 6], "texture": "#iron_2"},
				"south": {"uv": [9, 7, 10, 8], "texture": "#iron_2"},
				"west": {"uv": [10, 6, 11, 7], "texture": "#iron_2"},
				"up": {"uv": [10, 4, 11, 5], "texture": "#iron_2"},
				"down": {"uv": [10, 7, 11, 8], "texture": "#iron_2"}
			}
		},
		{
			"name": "redstone_rail_main_lower",
			"from": [4.002, 17.002, 15.62],
			"to": [4.298, 17.298, 22.628],
			"rotation": {"angle": 45, "axis": "x", "origin": [4, 17, 0]},
			"faces": {
				"north": {"uv": [7, 6, 8, 7], "texture": "#redstone_1"},
				"east": {"uv": [0, 4, 7, 5], "texture": "#redstone_1"},
				"south": {"uv": [7, 7, 8, 8], "texture": "#redstone_1"},
				"west": {"uv": [0, 5, 7, 6], "texture": "#redstone_1"},
				"up": {"uv": [0, 6, 7, 7], "rotation": 90, "texture": "#redstone_1"},
				"down": {"uv": [0, 7, 7, 8], "rotation": 90, "texture": "#redstone_1"}
			}
		},
		{
			"name": "redstone_rail_main_upper",
			"from": [4.002, 17.002, 0],
			"to": [4.298, 17.298, 15.628],
			"rotation": {"angle": 45, "axis": "x", "origin": [4, 17, 0]},
			"faces": {
				"north": {"uv": [7, 5, 8, 6], "texture": "#redstone_1"},
				"east": {"uv": [0, 0, 16, 1], "texture": "#redstone_1"},
				"south": {"uv": [7, 4, 8, 5], "texture": "#redstone_1"},
				"west": {"uv": [0, 1, 16, 2], "texture": "#redstone_1"},
				"up": {"uv": [0, 2, 16, 3], "rotation": 90, "texture": "#redstone_1"},
				"down": {"uv": [0, 3, 16, 4], "rotation": 90, "texture": "#redstone_1"}
			}
		},
		{
			"name": "redstone_rail_filler",
			"from": [4.004, 16.9594, 0.218],
			"to": [4.296, 17.0834, 0.4316],
			"rotation": {"angle": 45, "axis": "x", "origin": [4.5, 17.3, 0.425]},
			"faces": {
				"north": {"uv": [8, 6, 9, 7], "texture": "#redstone_1"},
				"east": {"uv": [8, 4, 9, 5], "texture": "#redstone_1"},
				"south": {"uv": [9, 4, 10, 5], "texture": "#redstone_1"},
				"west": {"uv": [8, 5, 9, 6], "texture": "#redstone_1"},
				"up": {"uv": [9, 5, 10, 6], "texture": "#redstone_1"},
				"down": {"uv": [8, 7, 9, 8], "texture": "#redstone_1"}
			}
		},
		{
			"name": "redstone_rail_level",
			"from": [4.006, 17.006, 0],
			"to": [4.294, 17.294, 0.125],
			"rotation": {"angle": 0, "axis": "y", "origin": [4, 17, 0]},
			"faces": {
				"north": {"uv": [9, 6, 10, 7], "texture": "#redstone_1"},
				"east": {"uv": [10, 5, 11, 6], "texture": "#redstone_1"},
				"south": {"uv": [9, 7, 10, 8], "texture": "#redstone_1"},
				"west": {"uv": [10, 6, 11, 7], "texture": "#redstone_1"},
				"up": {"uv": [10, 4, 11, 5], "texture": "#redstone_1"},
				"down": {"uv": [10, 7, 11, 8], "texture": "#redstone_1"}
			}
		},
		{
			"name": "redstone_rail_main_lower",
			"from": [11.702, 17.002, 15.62],
			"to": [11.998, 17.298, 22.628],
			"rotation": {"angle": 45, "axis": "x", "origin": [11.7, 17, 0]},
			"faces": {
				"north": {"uv": [7, 6, 8, 7], "texture": "#redstone_2"},
				"east": {"uv": [0, 4, 7, 5], "texture": "#redstone_2"},
				"south": {"uv": [7, 7, 8, 8], "texture": "#redstone_2"},
				"west": {"uv": [0, 5, 7, 6], "texture": "#redstone_2"},
				"up": {"uv": [0, 6, 7, 7], "rotation": 90, "texture": "#redstone_2"},
				"down": {"uv": [0, 7, 7, 8], "rotation": 90, "texture": "#redstone_2"}
			}
		},
		{
			"name": "redstone_rail_main_upper",
			"from": [11.702, 17.002, 0],
			"to": [11.998, 17.298, 15.628],
			"rotation": {"angle": 45, "axis": "x", "origin": [11.7, 17, 0]},
			"faces": {
				"north": {"uv": [7, 5, 8, 6], "texture": "#redstone_2"},
				"east": {"uv": [0, 0, 16, 1], "texture": "#redstone_2"},
				"south": {"uv": [7, 4, 8, 5], "texture": "#redstone_2"},
				"west": {"uv": [0, 1, 16, 2], "texture": "#redstone_2"},
				"up": {"uv": [0, 2, 16, 3], "rotation": 90, "texture": "#redstone_2"},
				"down": {"uv": [0, 3, 16, 4], "rotation": 90, "texture": "#redstone_2"}
			}
		},
		{
			"name": "redstone_rail_filler",
			"from": [11.704, 16.9594, 0.218],
			"to": [11.996, 17.0834, 0.4316],
			"rotation": {"angle": 45, "axis": "x", "origin": [12.2, 17.3, 0.425]},
			"faces": {
				"north": {"uv": [8, 6, 9, 7], "texture": "#redstone_2"},
				"east": {"uv": [8, 4, 9, 5], "texture": "#redstone_2"},
				"south": {"uv": [9, 4, 10, 5], "texture": "#redstone_2"},
				"west": {"uv": [8, 5, 9, 6], "texture": "#redstone_2"},
				"up": {"uv": [9, 5, 10, 6], "texture": "#redstone_2"},
				"down": {"uv": [8, 7, 9, 8], "texture": "#redstone_2"}
			}
		},
		{
			"name": "redstone_rail_level",
			"from": [11.706, 17.006, 0],
			"to": [11.994, 17.294, 0.125],
			"rotation": {"angle": 0, "axis": "y", "origin": [11.7, 17, 0]},
			"faces": {
				"north": {"uv": [9, 6, 10, 7], "texture": "#redstone_2"},
				"east": {"uv": [10, 5, 11, 6], "texture": "#redstone_2"},
				"south": {"uv": [9, 7, 10, 8], "texture": "#redstone_2"},
				"west": {"uv": [10, 6, 11, 7], "texture": "#redstone_2"},
				"up": {"uv": [10, 4, 11, 5], "texture": "#redstone_2"},
				"down": {"uv": [10, 7, 11, 8], "texture": "#redstone_2"}
			}
		}
	],
	"groups": [
		{
			"name": "base",
			"origin": [8, 8, 8],
			"color": 0,
			"children": [0, 1, 2, 3, 4]
		},
		{
			"name": "rails",
			"origin": [8, 8, 8],
			"color": 0,
			"children": [
				{
					"name": "iron",
					"origin": [8, 8, 8],
					"color": 0,
					"children": [
						{
							"name": "left",
							"origin": [8, 8, 8],
							"color": 0,
							"children": [5, 6, 7, 8]
						},
						{
							"name": "right",
							"origin": [8, 8, 8],
							"color": 0,
							"children": [9, 10, 11, 12]
						}
					]
				},
				{
					"name": "redstone",
					"origin": [8, 8, 8],
					"color": 0,
					"children": [
						{
							"name": "left",
							"origin": [8, 8, 8],
							"color": 0,
							"children": [13, 14, 15, 16]
						},
						{
							"name": "right",
							"origin": [8, 8, 8],
							"color": 0,
							"children": [17, 18, 19, 20]
						}
					]
				}
			]
		}
	]
}