{
    "variants": {
        "powered=false,shape=ascending_east": [
            {
                "model": "rays_3d_rails:block/iron/rail_powered_raised_ne_1_off",
                "y": 90,
                "weight": 1
            },
            {
                "model": "rays_3d_rails:block/iron/rail_powered_raised_ne_2_off",
                "y": 90,
                "weight": 1
            },
            {
                "model": "rays_3d_rails:block/iron/rail_powered_raised_ne_3_off",
                "y": 90,
                "weight": 1
            },
            {
                "model": "rays_3d_rails:block/iron/rail_powered_raised_ne_4_off",
                "y": 90,
                "weight": 1
            }
        ],
        "powered=false,shape=ascending_north": [
            {
                "model": "rays_3d_rails:block/iron/rail_powered_raised_ne_1_off",
                "weight": 1
            },
            {
                "model": "rays_3d_rails:block/iron/rail_powered_raised_ne_2_off",
                "weight": 1
            },
            {
                "model": "rays_3d_rails:block/iron/rail_powered_raised_ne_3_off",
                "weight": 1
            },
            {
                "model": "rays_3d_rails:block/iron/rail_powered_raised_ne_4_off",
                "weight": 1
            }
        ],
        "powered=false,shape=ascending_south": [
            {
                "model": "rays_3d_rails:block/iron/rail_powered_raised_sw_1_off",
                "weight": 1
            },
            {
                "model": "rays_3d_rails:block/iron/rail_powered_raised_sw_2_off",
                "weight": 1
            },
            {
                "model": "rays_3d_rails:block/iron/rail_powered_raised_sw_3_off",
                "weight": 1
            },
            {
                "model": "rays_3d_rails:block/iron/rail_powered_raised_sw_4_off",
                "weight": 1
            }
        ],
        "powered=false,shape=ascending_west": [
            {
                "model": "rays_3d_rails:block/iron/rail_powered_raised_sw_1_off",
                "y": 90,
                "weight": 1
            },
            {
                "model": "rays_3d_rails:block/iron/rail_powered_raised_sw_2_off",
                "y": 90,
                "weight": 1
            },
            {
                "model": "rays_3d_rails:block/iron/rail_powered_raised_sw_3_off",
                "y": 90,
                "weight": 1
            },
            {
                "model": "rays_3d_rails:block/iron/rail_powered_raised_sw_4_off",
                "y": 90,
                "weight": 1
            }
        ],
        "powered=false,shape=east_west": [
            {
                "model": "rays_3d_rails:block/iron/rail_powered_1_off",
                "y": 90,
                "weight": 1
            },
            {
                "model": "rays_3d_rails:block/iron/rail_powered_2_off",
                "y": 90,
                "weight": 1
            },
            {
                "model": "rays_3d_rails:block/iron/rail_powered_3_off",
                "y": 90,
                "weight": 1
            },
            {
                "model": "rays_3d_rails:block/iron/rail_powered_4_off",
                "y": 90,
                "weight": 1
            }
        ],
        "powered=false,shape=north_south": [
            {
                "model": "rays_3d_rails:block/iron/rail_powered_1_off",
                "weight": 1
            },
            {
                "model": "rays_3d_rails:block/iron/rail_powered_2_off",
                "weight": 1
            },
            {
                "model": "rays_3d_rails:block/iron/rail_powered_3_off",
                "weight": 1
            },
            {
                "model": "rays_3d_rails:block/iron/rail_powered_4_off",
                "weight": 1
            }
        ],
        "powered=true,shape=ascending_east": [
            {
                "model": "rays_3d_rails:block/iron/rail_powered_raised_ne_1_on",
                "y": 90,
                "weight": 1
            },
            {
                "model": "rays_3d_rails:block/iron/rail_powered_raised_ne_2_on",
                "y": 90,
                "weight": 1
            },
            {
                "model": "rays_3d_rails:block/iron/rail_powered_raised_ne_3_on",
                "y": 90,
                "weight": 1
            },
            {
                "model": "rays_3d_rails:block/iron/rail_powered_raised_ne_4_on",
                "y": 90,
                "weight": 1
            }
        ],
        "powered=true,shape=ascending_north": [
            {
                "model": "rays_3d_rails:block/iron/rail_powered_raised_ne_1_on",
                "weight": 1
            },
            {
                "model": "rays_3d_rails:block/iron/rail_powered_raised_ne_2_on",
                "weight": 1
            },
            {
                "model": "rays_3d_rails:block/iron/rail_powered_raised_ne_3_on",
                "weight": 1
            },
            {
                "model": "rays_3d_rails:block/iron/rail_powered_raised_ne_4_on",
                "weight": 1
            }
        ],
        "powered=true,shape=ascending_south": [
            {
                "model": "rays_3d_rails:block/iron/rail_powered_raised_sw_1_on",
                "weight": 1
            },
            {
                "model": "rays_3d_rails:block/iron/rail_powered_raised_sw_2_on",
                "weight": 1
            },
            {
                "model": "rays_3d_rails:block/iron/rail_powered_raised_sw_3_on",
                "weight": 1
            },
            {
                "model": "rays_3d_rails:block/iron/rail_powered_raised_sw_4_on",
                "weight": 1
            }
        ],
        "powered=true,shape=ascending_west": [
            {
                "model": "rays_3d_rails:block/iron/rail_powered_raised_sw_1_on",
                "y": 90,
                "weight": 1
            },
            {
                "model": "rays_3d_rails:block/iron/rail_powered_raised_sw_2_on",
                "y": 90,
                "weight": 1
            },
            {
                "model": "rays_3d_rails:block/iron/rail_powered_raised_sw_3_on",
                "y": 90,
                "weight": 1
            },
            {
                "model": "rays_3d_rails:block/iron/rail_powered_raised_sw_4_on",
                "y": 90,
                "weight": 1
            }
        ],
        "powered=true,shape=east_west": [
            {
                "model": "rays_3d_rails:block/iron/rail_powered_1_on",
                "y": 90,
                "weight": 1
            },
            {
                "model": "rays_3d_rails:block/iron/rail_powered_2_on",
                "y": 90,
                "weight": 1
            },
            {
                "model": "rays_3d_rails:block/iron/rail_powered_3_on",
                "y": 90,
                "weight": 1
            },
            {
                "model": "rays_3d_rails:block/iron/rail_powered_4_on",
                "y": 90,
                "weight": 1
            }
        ],
        "powered=true,shape=north_south": [
            {
                "model": "rays_3d_rails:block/iron/rail_powered_1_on",
                "weight": 1
            },
            {
                "model": "rays_3d_rails:block/iron/rail_powered_2_on",
                "weight": 1
            },
            {
                "model": "rays_3d_rails:block/iron/rail_powered_3_on",
                "weight": 1
            },
            {
                "model": "rays_3d_rails:block/iron/rail_powered_4_on",
                "weight": 1
            }
        ]
    }
}