{
	"credit": "Made with Blockbench, by xR4YM0ND",
	"ambientocclusion": false,
	"textures": {
		"3": "create:block/rays_controller_rail_raised_south_down_base",
		"tint": "create:block/rays_controller_rail_raised_south_down_tint",
		"particle": "#rail"
	},
	"elements": [
		{
			"name": "base",
			"from": [12.002, 8.8557, -3.66734],
			"to": [12.998, 9.8517, 18.96066],
			"rotation": {"angle": -45, "axis": "x", "origin": [12.5, 9.35375, 7.64666]},
			"faces": {
				"north": {"uv": [4.5, 5, 4.75, 5.25], "texture": "#3"},
				"east": {"uv": [3, 0.5, 8.75, 0.75], "texture": "#3"},
				"south": {"uv": [2.5, 5.25, 2.75, 5.5], "texture": "#3"},
				"west": {"uv": [3, 0.75, 8.75, 1], "texture": "#3"},
				"up": {"uv": [3.25, 6.75, 3, 1], "texture": "#3"},
				"down": {"uv": [3.5, 1, 3.25, 6.75], "texture": "#3"}
			}
		},
		{
			"name": "base_extension",
			"from": [12.004, 17.40307, 15.41942],
			"to": [12.996, 17.92907, 15.83302],
			"rotation": {"angle": -45, "axis": "x", "origin": [12.5, 17.66707, 15.62622]},
			"faces": {
				"north": {"uv": [4.5, 5.25, 4.75, 5.5], "texture": "#3"},
				"east": {"uv": [2.5, 5.5, 2.75, 5.75], "texture": "#3"},
				"south": {"uv": [4.5, 5.5, 4.75, 5.75], "texture": "#3"},
				"west": {"uv": [5, 5.5, 5.25, 5.75], "texture": "#3"},
				"up": {"uv": [5.75, 5.25, 5.5, 5], "texture": "#3"},
				"down": {"uv": [5.5, 5.5, 5.25, 5.75], "texture": "#3"}
			}
		},
		{
			"name": "base_flat",
			"from": [12.006, 17.006, 15.586],
			"to": [12.994, 17.994, 16],
			"rotation": {"angle": 0, "axis": "x", "origin": [12.5, 17.5, 15.793]},
			"faces": {
				"north": {"uv": [5.5, 5.25, 5.75, 5.5], "texture": "#3"},
				"east": {"uv": [5.5, 5.5, 5.75, 5.75], "texture": "#3"},
				"south": {"uv": [1.5, 5.75, 1.75, 6], "texture": "#3"},
				"west": {"uv": [1.75, 5.75, 2, 6], "texture": "#3"},
				"up": {"uv": [2.25, 6, 2, 5.75], "texture": "#3"},
				"down": {"uv": [2.5, 5.75, 2.25, 6], "texture": "#3"}
			}
		},
		{
			"name": "base",
			"from": [3.002, 8.8557, -3.66734],
			"to": [3.998, 9.8517, 18.96066],
			"rotation": {"angle": -45, "axis": "x", "origin": [3.5, 9.35375, 7.64666]},
			"faces": {
				"north": {"uv": [2.5, 5.75, 2.75, 6], "texture": "#3"},
				"east": {"uv": [3.5, 1, 9.25, 1.25], "texture": "#3"},
				"south": {"uv": [3.5, 5.75, 3.75, 6], "texture": "#3"},
				"west": {"uv": [3.5, 1.25, 9.25, 1.5], "texture": "#3"},
				"up": {"uv": [0.25, 9.25, 0, 3.5], "texture": "#3"},
				"down": {"uv": [0.5, 3.5, 0.25, 9.25], "texture": "#3"}
			}
		},
		{
			"name": "base_extension",
			"from": [3.004, 17.40307, 15.41942],
			"to": [3.996, 17.92907, 15.83302],
			"rotation": {"angle": -45, "axis": "x", "origin": [3.5, 17.66707, 15.62622]},
			"faces": {
				"north": {"uv": [3.75, 5.75, 4, 6], "texture": "#3"},
				"east": {"uv": [4, 5.75, 4.25, 6], "texture": "#3"},
				"south": {"uv": [4.25, 5.75, 4.5, 6], "texture": "#3"},
				"west": {"uv": [4.5, 5.75, 4.75, 6], "texture": "#3"},
				"up": {"uv": [5, 6, 4.75, 5.75], "texture": "#3"},
				"down": {"uv": [5.25, 5.75, 5, 6], "texture": "#3"}
			}
		},
		{
			"name": "base_flat",
			"from": [3.006, 17.006, 15.586],
			"to": [3.994, 17.994, 16],
			"rotation": {"angle": 0, "axis": "x", "origin": [3.5, 17.5, 15.793]},
			"faces": {
				"north": {"uv": [5.75, 5, 6, 5.25], "texture": "#3"},
				"east": {"uv": [5.25, 5.75, 5.5, 6], "texture": "#3"},
				"south": {"uv": [5.75, 5.25, 6, 5.5], "texture": "#3"},
				"west": {"uv": [5.5, 5.75, 5.75, 6], "texture": "#3"},
				"up": {"uv": [6, 5.75, 5.75, 5.5], "texture": "#3"},
				"down": {"uv": [6, 5.75, 5.75, 6], "texture": "#3"}
			}
		},
		{
			"from": [2, 13.55375, 12.7709],
			"to": [14, 14.55375, 14.7709],
			"rotation": {"angle": -45, "axis": "x", "origin": [8, 14.05375, 13.7709]},
			"faces": {
				"north": {"uv": [3.5, 2.5, 6.5, 2.75], "texture": "#3"},
				"east": {"uv": [5, 4.75, 5.5, 5], "texture": "#3"},
				"south": {"uv": [3.5, 2.75, 6.5, 3], "texture": "#3"},
				"west": {"uv": [5, 5, 5.5, 5.25], "texture": "#3"},
				"up": {"uv": [3, 2.5, 0, 2], "texture": "#3"},
				"down": {"uv": [3, 2.5, 0, 3], "texture": "#3"}
			}
		},
		{
			"from": [2, 13.5538, 3.7709],
			"to": [14, 14.5538, 7.7709],
			"rotation": {"angle": -45, "axis": "x", "origin": [8, 14.0538, 13.7709]},
			"faces": {
				"north": {"uv": [3.5, 3, 6.5, 3.25], "texture": "#3"},
				"east": {"uv": [3.5, 5, 4.5, 5.25], "texture": "#3"},
				"south": {"uv": [3.5, 3.25, 6.5, 3.5], "texture": "#3"},
				"west": {"uv": [5, 4.5, 6, 4.75], "texture": "#3"},
				"up": {"uv": [3, 1, 0, 0], "texture": "#3"},
				"down": {"uv": [3, 1, 0, 2], "texture": "#3"}
			}
		},
		{
			"from": [2, 2.24004, 1.4572],
			"to": [14, 3.24004, 3.4572],
			"rotation": {"angle": -45, "axis": "x", "origin": [8, 2.74004, 2.4572]},
			"faces": {
				"north": {"uv": [3.5, 3.5, 6.5, 3.75], "texture": "#3"},
				"east": {"uv": [1.5, 5.25, 2, 5.5], "texture": "#3"},
				"south": {"uv": [3.5, 3.75, 6.5, 4], "texture": "#3"},
				"west": {"uv": [2, 5.25, 2.5, 5.5], "texture": "#3"},
				"up": {"uv": [3, 3.5, 0, 3], "texture": "#3"},
				"down": {"uv": [6, 0, 3, 0.5], "texture": "#3"}
			}
		},
		{
			"from": [5, 13.5538, 7.7709],
			"to": [6, 14.5538, 12.7709],
			"rotation": {"angle": -45, "axis": "x", "origin": [11, 14.0538, 13.7709]},
			"faces": {
				"north": {"uv": [6, 0, 6.25, 0.25], "texture": "#3"},
				"east": {"uv": [1.5, 3.5, 2.75, 3.75], "texture": "#3"},
				"south": {"uv": [6, 0.25, 6.25, 0.5], "texture": "#3"},
				"west": {"uv": [1.5, 3.75, 2.75, 4], "texture": "#3"},
				"up": {"uv": [3, 4.75, 2.75, 3.5], "texture": "#3"},
				"down": {"uv": [1.75, 4, 1.5, 5.25], "texture": "#3"}
			}
		},
		{
			"from": [10, 13.5538, 7.7709],
			"to": [11, 14.5538, 12.7709],
			"rotation": {"angle": -45, "axis": "x", "origin": [16, 14.0538, 13.7709]},
			"faces": {
				"north": {"uv": [1.5, 6, 1.75, 6.25], "texture": "#3"},
				"east": {"uv": [3.5, 4, 4.75, 4.25], "texture": "#3"},
				"south": {"uv": [1.75, 6, 2, 6.25], "texture": "#3"},
				"west": {"uv": [3.5, 4.25, 4.75, 4.5], "texture": "#3"},
				"up": {"uv": [2, 5.25, 1.75, 4], "texture": "#3"},
				"down": {"uv": [2.25, 4, 2, 5.25], "texture": "#3"}
			}
		},
		{
			"from": [7, 13.5538, 11.7709],
			"to": [9, 14.5538, 12.7709],
			"rotation": {"angle": -45, "axis": "x", "origin": [13, 14.0538, 13.7709]},
			"faces": {
				"north": {"uv": [3.5, 5.25, 4, 5.5], "texture": "#3"},
				"east": {"uv": [2, 6, 2.25, 6.25], "texture": "#3"},
				"south": {"uv": [4, 5.25, 4.5, 5.5], "texture": "#3"},
				"west": {"uv": [2.25, 6, 2.5, 6.25], "texture": "#3"},
				"up": {"uv": [5.5, 5.5, 5, 5.25], "texture": "#3"},
				"down": {"uv": [2, 5.5, 1.5, 5.75], "texture": "#3"}
			}
		},
		{
			"from": [7, 13.5538, 2.7709],
			"to": [9, 14.5538, 3.7709],
			"rotation": {"angle": -45, "axis": "x", "origin": [13, 14.0538, 13.7709]},
			"faces": {
				"north": {"uv": [2, 5.5, 2.5, 5.75], "texture": "#3"},
				"east": {"uv": [2.5, 6, 2.75, 6.25], "texture": "#3"},
				"south": {"uv": [3.5, 5.5, 4, 5.75], "texture": "#3"},
				"west": {"uv": [2.75, 6, 3, 6.25], "texture": "#3"},
				"up": {"uv": [4.5, 5.75, 4, 5.5], "texture": "#3"},
				"down": {"uv": [6, 4.75, 5.5, 5], "texture": "#3"}
			}
		},
		{
			"from": [5, 13.5538, -1.2291],
			"to": [6, 14.5538, 3.7709],
			"rotation": {"angle": -45, "axis": "x", "origin": [11, 14.0538, 13.7709]},
			"faces": {
				"north": {"uv": [3.5, 6, 3.75, 6.25], "texture": "#3"},
				"east": {"uv": [3.5, 4.5, 4.75, 4.75], "texture": "#3"},
				"south": {"uv": [3.75, 6, 4, 6.25], "texture": "#3"},
				"west": {"uv": [3.5, 4.75, 4.75, 5], "texture": "#3"},
				"up": {"uv": [2.5, 5.25, 2.25, 4], "texture": "#3"},
				"down": {"uv": [2.75, 4, 2.5, 5.25], "texture": "#3"}
			}
		},
		{
			"from": [10, 13.5538, -1.2291],
			"to": [11, 14.5538, 3.7709],
			"rotation": {"angle": -45, "axis": "x", "origin": [16, 14.0538, 13.7709]},
			"faces": {
				"north": {"uv": [4, 6, 4.25, 6.25], "texture": "#3"},
				"east": {"uv": [4.75, 4, 6, 4.25], "texture": "#3"},
				"south": {"uv": [6, 4, 6.25, 4.25], "texture": "#3"},
				"west": {"uv": [4.75, 4.25, 6, 4.5], "texture": "#3"},
				"up": {"uv": [3, 6, 2.75, 4.75], "texture": "#3"},
				"down": {"uv": [5, 4.5, 4.75, 5.75], "texture": "#3"}
			}
		},
		{
			"from": [9, 13.5538, -1.2291],
			"to": [10, 14.5538, -0.2291],
			"rotation": {"angle": -45, "axis": "x", "origin": [15, 14.0538, 13.7709]},
			"faces": {
				"north": {"uv": [4.25, 6, 4.5, 6.25], "texture": "#3"},
				"east": {"uv": [6, 4.25, 6.25, 4.5], "texture": "#3"},
				"south": {"uv": [4.5, 6, 4.75, 6.25], "texture": "#3"},
				"west": {"uv": [6, 4.5, 6.25, 4.75], "texture": "#3"},
				"up": {"uv": [5, 6.25, 4.75, 6], "texture": "#3"},
				"down": {"uv": [6.25, 4.75, 6, 5], "texture": "#3"}
			}
		},
		{
			"from": [6, 13.5538, -1.2291],
			"to": [7, 14.5538, -0.2291],
			"rotation": {"angle": -45, "axis": "x", "origin": [12, 14.0538, 13.7709]},
			"faces": {
				"north": {"uv": [5, 6, 5.25, 6.25], "texture": "#3"},
				"east": {"uv": [6, 5, 6.25, 5.25], "texture": "#3"},
				"south": {"uv": [5.25, 6, 5.5, 6.25], "texture": "#3"},
				"west": {"uv": [6, 5.25, 6.25, 5.5], "texture": "#3"},
				"up": {"uv": [5.75, 6.25, 5.5, 6], "texture": "#3"},
				"down": {"uv": [6.25, 5.5, 6, 5.75], "texture": "#3"}
			}
		},
		{
			"from": [9, 13.5538, 7.7709],
			"to": [10, 14.5538, 8.7709],
			"rotation": {"angle": -45, "axis": "x", "origin": [15, 14.0538, 13.7709]},
			"faces": {
				"north": {"uv": [5.75, 6, 6, 6.25], "texture": "#3"},
				"east": {"uv": [6, 5.75, 6.25, 6], "texture": "#3"},
				"south": {"uv": [6, 6, 6.25, 6.25], "texture": "#3"},
				"west": {"uv": [6.25, 0, 6.5, 0.25], "texture": "#3"},
				"up": {"uv": [6.5, 0.5, 6.25, 0.25], "texture": "#3"},
				"down": {"uv": [1.75, 6.25, 1.5, 6.5], "texture": "#3"}
			}
		},
		{
			"from": [6, 13.5538, 7.7709],
			"to": [7, 14.5538, 8.7709],
			"rotation": {"angle": -45, "axis": "x", "origin": [12, 14.0538, 13.7709]},
			"faces": {
				"north": {"uv": [1.75, 6.25, 2, 6.5], "texture": "#3"},
				"east": {"uv": [2, 6.25, 2.25, 6.5], "texture": "#3"},
				"south": {"uv": [2.25, 6.25, 2.5, 6.5], "texture": "#3"},
				"west": {"uv": [2.5, 6.25, 2.75, 6.5], "texture": "#3"},
				"up": {"uv": [3, 6.5, 2.75, 6.25], "texture": "#3"},
				"down": {"uv": [3.75, 6.25, 3.5, 6.5], "texture": "#3"}
			}
		},
		{
			"name": "base",
			"from": [11.002, 8.8557, -3.66734],
			"to": [11.698, 9.5517, 18.96066],
			"rotation": {"angle": -45, "axis": "x", "origin": [11.5, 9.35375, 7.64666]},
			"faces": {
				"north": {"uv": [3.75, 6.25, 4, 6.5], "texture": "#3"},
				"east": {"uv": [3.5, 1.5, 9.25, 1.75], "texture": "#3"},
				"south": {"uv": [4, 6.25, 4.25, 6.5], "texture": "#3"},
				"west": {"uv": [3.5, 1.75, 9.25, 2], "texture": "#3"},
				"up": {"uv": [0.75, 9.25, 0.5, 3.5], "texture": "#3"},
				"down": {"uv": [1, 3.5, 0.75, 9.25], "texture": "#3"}
			}
		},
		{
			"name": "base_extension",
			"from": [11.004, 17.30307, 15.41942],
			"to": [11.696, 17.62707, 15.70692],
			"rotation": {"angle": -45, "axis": "x", "origin": [11.5, 17.66707, 15.62622]},
			"faces": {
				"north": {"uv": [6.25, 4, 6.5, 4.25], "texture": "#3"},
				"east": {"uv": [4.25, 6.25, 4.5, 6.5], "texture": "#3"},
				"south": {"uv": [6.25, 4.25, 6.5, 4.5], "texture": "#3"},
				"west": {"uv": [4.5, 6.25, 4.75, 6.5], "texture": "#3"},
				"up": {"uv": [6.5, 4.75, 6.25, 4.5], "texture": "#3"},
				"down": {"uv": [5, 6.25, 4.75, 6.5], "texture": "#3"}
			}
		},
		{
			"name": "base_flat",
			"from": [11.006, 17.006, 15.7074],
			"to": [11.694, 17.694, 16],
			"rotation": {"angle": 0, "axis": "x", "origin": [11.5, 17.5, 15.793]},
			"faces": {
				"north": {"uv": [6.25, 4.75, 6.5, 5], "texture": "#3"},
				"east": {"uv": [5, 6.25, 5.25, 6.5], "texture": "#3"},
				"south": {"uv": [6.25, 5, 6.5, 5.25], "texture": "#3"},
				"west": {"uv": [5.25, 6.25, 5.5, 6.5], "texture": "#3"},
				"up": {"uv": [6.5, 5.5, 6.25, 5.25], "texture": "#3"},
				"down": {"uv": [5.75, 6.25, 5.5, 6.5], "texture": "#3"}
			}
		},
		{
			"name": "base",
			"from": [4.302, 8.8557, -3.66734],
			"to": [4.998, 9.5517, 18.96066],
			"rotation": {"angle": -45, "axis": "x", "origin": [4.8, 9.35375, 7.64666]},
			"faces": {
				"north": {"uv": [6.25, 5.5, 6.5, 5.75], "texture": "#3"},
				"east": {"uv": [3.5, 2, 9.25, 2.25], "texture": "#3"},
				"south": {"uv": [5.75, 6.25, 6, 6.5], "texture": "#3"},
				"west": {"uv": [3.5, 2.25, 9.25, 2.5], "texture": "#3"},
				"up": {"uv": [1.25, 9.25, 1, 3.5], "texture": "#3"},
				"down": {"uv": [1.5, 3.5, 1.25, 9.25], "texture": "#3"}
			}
		},
		{
			"name": "base_extension",
			"from": [4.304, 17.30307, 15.41942],
			"to": [4.996, 17.62707, 15.70692],
			"rotation": {"angle": -45, "axis": "x", "origin": [4.8, 17.66707, 15.62622]},
			"faces": {
				"north": {"uv": [6.25, 5.75, 6.5, 6], "texture": "#3"},
				"east": {"uv": [6, 6.25, 6.25, 6.5], "texture": "#3"},
				"south": {"uv": [6.25, 6, 6.5, 6.25], "texture": "#3"},
				"west": {"uv": [6.25, 6.25, 6.5, 6.5], "texture": "#3"},
				"up": {"uv": [6.75, 0.25, 6.5, 0], "texture": "#3"},
				"down": {"uv": [6.75, 0.25, 6.5, 0.5], "texture": "#3"}
			}
		},
		{
			"name": "base_flat",
			"from": [4.306, 17.006, 15.7074],
			"to": [4.994, 17.694, 16],
			"rotation": {"angle": 0, "axis": "x", "origin": [4.8, 17.5, 15.793]},
			"faces": {
				"north": {"uv": [1.5, 6.5, 1.75, 6.75], "texture": "#3"},
				"east": {"uv": [1.75, 6.5, 2, 6.75], "texture": "#3"},
				"south": {"uv": [2, 6.5, 2.25, 6.75], "texture": "#3"},
				"west": {"uv": [2.25, 6.5, 2.5, 6.75], "texture": "#3"},
				"up": {"uv": [2.75, 6.75, 2.5, 6.5], "texture": "#3"},
				"down": {"uv": [6.75, 2.5, 6.5, 2.75], "texture": "#3"}
			}
		},
		{
			"from": [6, 13.5538, -0.2291],
			"to": [7, 14.0538, 3.7709],
			"rotation": {"angle": -45, "axis": "x", "origin": [12, 14.0538, 13.7709]},
			"faces": {
				"north": {"uv": [2, 10, 3, 11], "texture": "#tint", "tintindex": 0},
				"east": {"uv": [2, 4, 6, 5], "texture": "#tint", "tintindex": 0},
				"south": {"uv": [10, 4, 11, 5], "texture": "#tint", "tintindex": 0},
				"west": {"uv": [2, 5, 6, 6], "texture": "#tint", "tintindex": 0},
				"up": {"uv": [7, 4, 6, 0], "texture": "#tint", "tintindex": 0},
				"down": {"uv": [3, 6, 2, 10], "texture": "#tint", "tintindex": 0}
			}
		},
		{
			"from": [7, 13.5538, -1.2291],
			"to": [9, 14.0538, 2.7709],
			"rotation": {"angle": -45, "axis": "x", "origin": [13, 14.0538, 13.7709]},
			"faces": {
				"north": {"uv": [7, 9, 9, 10], "texture": "#tint", "tintindex": 0},
				"east": {"uv": [3, 6, 7, 7], "texture": "#tint", "tintindex": 0},
				"south": {"uv": [9, 7, 11, 8], "texture": "#tint", "tintindex": 0},
				"west": {"uv": [6, 4, 10, 5], "texture": "#tint", "tintindex": 0},
				"up": {"uv": [2, 4, 0, 0], "texture": "#tint", "tintindex": 0},
				"down": {"uv": [4, 0, 2, 4], "texture": "#tint", "tintindex": 0}
			}
		},
		{
			"from": [7, 13.5538, 7.7709],
			"to": [9, 14.0538, 11.7709],
			"rotation": {"angle": -45, "axis": "x", "origin": [13, 14.0538, 13.7709]},
			"faces": {
				"north": {"uv": [9, 8, 11, 9], "texture": "#tint", "tintindex": 0},
				"east": {"uv": [6, 5, 10, 6], "texture": "#tint", "tintindex": 0},
				"south": {"uv": [9, 9, 11, 10], "texture": "#tint", "tintindex": 0},
				"west": {"uv": [7, 0, 11, 1], "texture": "#tint", "tintindex": 0},
				"up": {"uv": [2, 8, 0, 4], "texture": "#tint", "tintindex": 0},
				"down": {"uv": [6, 0, 4, 4], "texture": "#tint", "tintindex": 0}
			}
		},
		{
			"from": [6, 13.5538, 8.7709],
			"to": [7, 14.0538, 12.7709],
			"rotation": {"angle": -45, "axis": "x", "origin": [12, 14.0538, 13.7709]},
			"faces": {
				"north": {"uv": [10, 5, 11, 6], "texture": "#tint", "tintindex": 0},
				"east": {"uv": [7, 1, 11, 2], "texture": "#tint", "tintindex": 0},
				"south": {"uv": [7, 10, 8, 11], "texture": "#tint", "tintindex": 0},
				"west": {"uv": [7, 2, 11, 3], "texture": "#tint", "tintindex": 0},
				"up": {"uv": [4, 11, 3, 7], "texture": "#tint", "tintindex": 0},
				"down": {"uv": [5, 7, 4, 11], "texture": "#tint", "tintindex": 0}
			}
		},
		{
			"from": [9, 13.5538, 8.7709],
			"to": [10, 14.0538, 12.7709],
			"rotation": {"angle": -45, "axis": "x", "origin": [15, 14.0538, 13.7709]},
			"faces": {
				"north": {"uv": [8, 10, 9, 11], "texture": "#tint", "tintindex": 0},
				"east": {"uv": [7, 3, 11, 4], "texture": "#tint", "tintindex": 0},
				"south": {"uv": [9, 10, 10, 11], "texture": "#tint", "tintindex": 0},
				"west": {"uv": [5, 7, 9, 8], "texture": "#tint", "tintindex": 0},
				"up": {"uv": [1, 12, 0, 8], "texture": "#tint", "tintindex": 0},
				"down": {"uv": [2, 8, 1, 12], "texture": "#tint", "tintindex": 0}
			}
		},
		{
			"from": [9, 13.5538, -0.2291],
			"to": [10, 14.0538, 3.7709],
			"rotation": {"angle": -45, "axis": "x", "origin": [15, 14.0538, 13.7709]},
			"faces": {
				"north": {"uv": [10, 10, 11, 11], "texture": "#tint", "tintindex": 0},
				"east": {"uv": [7, 6, 11, 7], "texture": "#tint", "tintindex": 0},
				"south": {"uv": [11, 0, 12, 1], "texture": "#tint", "tintindex": 0},
				"west": {"uv": [5, 8, 9, 9], "texture": "#tint", "tintindex": 0},
				"up": {"uv": [6, 13, 5, 9], "texture": "#tint", "tintindex": 0},
				"down": {"uv": [7, 9, 6, 13], "texture": "#tint", "tintindex": 0}
			}
		}
	],
	"groups": [
		{
			"name": "rail_left",
			"origin": [8, 8, 8],
			"color": 0,
			"children": [0, 1, 2]
		},
		{
			"name": "rail_right",
			"origin": [8, 8, 8],
			"color": 0,
			"children": [3, 4, 5]
		},
		{
			"name": "steps",
			"origin": [8, 8, 8],
			"color": 0,
			"children": [6, 7, 8, 9, 10, 11, 12, 13, 14, 15, 16, 17, 18]
		},
		{
			"name": "powered_rail_left",
			"origin": [8, 8, 8],
			"color": 0,
			"children": [19, 20, 21]
		},
		{
			"name": "powered_rail_right",
			"origin": [8, 8, 8],
			"color": 0,
			"children": [22, 23, 24]
		},
		{
			"name": "redstone",
			"origin": [8, 8, 8],
			"color": 0,
			"children": [25, 26, 27, 28, 29, 30]
		}
	]
}