{
	"credit": "Made with Blockbench, by xR4YM0ND",
	"ambientocclusion": false,
	"textures": {
		"tint": "create:block/rays_controller_rail_tint",
		"2": "create:block/rays_controller_rail_base",
		"particle": "#rail"
	},
	"elements": [
		{
			"from": [3, 1, 0],
			"to": [4, 2, 16],
			"faces": {
				"north": {"uv": [5.5, 11, 6, 11.5], "texture": "#2"},
				"east": {"uv": [0, 4, 8, 4.5], "texture": "#2"},
				"south": {"uv": [7, 11, 7.5, 11.5], "texture": "#2"},
				"west": {"uv": [0, 4.5, 8, 5], "texture": "#2"},
				"up": {"uv": [0.5, 13, 0, 5], "texture": "#2"},
				"down": {"uv": [1, 5, 0.5, 13], "texture": "#2"}
			}
		},
		{
			"from": [12, 1, 0],
			"to": [13, 2, 16],
			"faces": {
				"north": {"uv": [7.5, 11, 8, 11.5], "texture": "#2"},
				"east": {"uv": [1, 5, 9, 5.5], "texture": "#2"},
				"south": {"uv": [8, 11, 8.5, 11.5], "texture": "#2"},
				"west": {"uv": [1, 5.5, 9, 6], "texture": "#2"},
				"up": {"uv": [1.5, 14, 1, 6], "texture": "#2"},
				"down": {"uv": [2, 6, 1.5, 14], "texture": "#2"}
			}
		},
		{
			"from": [2, 0, 1],
			"to": [14, 1, 3],
			"faces": {
				"north": {"uv": [8, 0, 14, 0.5], "texture": "#2"},
				"east": {"uv": [4, 8.5, 5, 9], "texture": "#2"},
				"south": {"uv": [8, 0.5, 14, 1], "texture": "#2"},
				"west": {"uv": [3.5, 10, 4.5, 10.5], "texture": "#2"},
				"up": {"uv": [6, 1, 0, 0], "texture": "#2"},
				"down": {"uv": [6, 1, 0, 2], "texture": "#2"}
			}
		},
		{
			"from": [2, 0, 13],
			"to": [14, 1, 15],
			"faces": {
				"north": {"uv": [8, 1, 14, 1.5], "texture": "#2"},
				"east": {"uv": [4.5, 10, 5.5, 10.5], "texture": "#2"},
				"south": {"uv": [8, 1.5, 14, 2], "texture": "#2"},
				"west": {"uv": [10, 4.5, 11, 5], "texture": "#2"},
				"up": {"uv": [6, 3, 0, 2], "texture": "#2"},
				"down": {"uv": [6, 3, 0, 4], "texture": "#2"}
			}
		},
		{
			"from": [2, 0, 6],
			"to": [6, 1, 10],
			"rotation": {"angle": 0, "axis": "y", "origin": [2, 0, 6]},
			"faces": {
				"north": {"uv": [8, 2, 10, 2.5], "texture": "#2"},
				"east": {"uv": [8, 2.5, 10, 3], "texture": "#2"},
				"south": {"uv": [3, 8, 5, 8.5], "texture": "#2"},
				"west": {"uv": [8, 3, 10, 3.5], "texture": "#2"},
				"up": {"uv": [8, 2, 6, 0], "texture": "#2"},
				"down": {"uv": [4, 6, 2, 8], "texture": "#2"}
			}
		},
		{
			"from": [10, 0, 6],
			"to": [14, 1, 10],
			"rotation": {"angle": 0, "axis": "y", "origin": [10, 0, 6]},
			"faces": {
				"north": {"uv": [8, 3.5, 10, 4], "texture": "#2"},
				"east": {"uv": [8, 4, 10, 4.5], "texture": "#2"},
				"south": {"uv": [8, 4.5, 10, 5], "texture": "#2"},
				"west": {"uv": [7, 8, 9, 8.5], "texture": "#2"},
				"up": {"uv": [8, 4, 6, 2], "texture": "#2"},
				"down": {"uv": [6, 6, 4, 8], "texture": "#2"}
			}
		},
		{
			"from": [7, 0, 6],
			"to": [9, 1, 8],
			"rotation": {"angle": 0, "axis": "y", "origin": [7, 0, 6]},
			"faces": {
				"north": {"uv": [10, 9.5, 11, 10], "texture": "#2"},
				"east": {"uv": [10, 10, 11, 10.5], "texture": "#2"},
				"south": {"uv": [10.5, 3, 11.5, 3.5], "texture": "#2"},
				"west": {"uv": [3.5, 10.5, 4.5, 11], "texture": "#2"},
				"up": {"uv": [6, 9, 5, 8], "texture": "#2"},
				"down": {"uv": [4, 8.5, 3, 9.5], "texture": "#2"}
			}
		},
		{
			"from": [6, 0, 7],
			"to": [7, 1, 9],
			"rotation": {"angle": 0, "axis": "y", "origin": [6, 0, 7]},
			"faces": {
				"north": {"uv": [11, 8.5, 11.5, 9], "texture": "#2"},
				"east": {"uv": [10.5, 3.5, 11.5, 4], "texture": "#2"},
				"south": {"uv": [9, 11, 9.5, 11.5], "texture": "#2"},
				"west": {"uv": [10.5, 4, 11.5, 4.5], "texture": "#2"},
				"up": {"uv": [6, 11, 5.5, 10], "texture": "#2"},
				"down": {"uv": [9.5, 10, 9, 11], "texture": "#2"}
			}
		},
		{
			"from": [5, 0, 3],
			"to": [6, 1, 6],
			"rotation": {"angle": 0, "axis": "y", "origin": [5, 0, 3]},
			"faces": {
				"north": {"uv": [11, 9, 11.5, 9.5], "texture": "#2"},
				"east": {"uv": [7, 9, 8.5, 9.5], "texture": "#2"},
				"south": {"uv": [9.5, 11, 10, 11.5], "texture": "#2"},
				"west": {"uv": [9, 8, 10.5, 8.5], "texture": "#2"},
				"up": {"uv": [9, 10.5, 8.5, 9], "texture": "#2"},
				"down": {"uv": [9.5, 8.5, 9, 10], "texture": "#2"}
			}
		},
		{
			"from": [5, 0, 10],
			"to": [6, 1, 13],
			"rotation": {"angle": 0, "axis": "y", "origin": [5, 0, 10]},
			"faces": {
				"north": {"uv": [11, 9.5, 11.5, 10], "texture": "#2"},
				"east": {"uv": [3, 9.5, 4.5, 10], "texture": "#2"},
				"south": {"uv": [10, 11, 10.5, 11.5], "texture": "#2"},
				"west": {"uv": [4.5, 9.5, 6, 10], "texture": "#2"},
				"up": {"uv": [7.5, 11, 7, 9.5], "texture": "#2"},
				"down": {"uv": [8, 9.5, 7.5, 11], "texture": "#2"}
			}
		},
		{
			"from": [6, 0, 12],
			"to": [10, 1, 13],
			"rotation": {"angle": 0, "axis": "y", "origin": [6, 0, 10]},
			"faces": {
				"north": {"uv": [7, 8.5, 9, 9], "texture": "#2"},
				"east": {"uv": [11, 10, 11.5, 10.5], "texture": "#2"},
				"south": {"uv": [4, 9, 6, 9.5], "texture": "#2"},
				"west": {"uv": [10.5, 11, 11, 11.5], "texture": "#2"},
				"up": {"uv": [11, 5.5, 9, 5], "texture": "#2"},
				"down": {"uv": [11, 5.5, 9, 6], "texture": "#2"}
			}
		},
		{
			"from": [7, 0, 11],
			"to": [9, 1, 12],
			"rotation": {"angle": 0, "axis": "y", "origin": [7, 0, 9]},
			"faces": {
				"north": {"uv": [4.5, 10.5, 5.5, 11], "texture": "#2"},
				"east": {"uv": [11, 10.5, 11.5, 11], "texture": "#2"},
				"south": {"uv": [10.5, 8, 11.5, 8.5], "texture": "#2"},
				"west": {"uv": [11, 11, 11.5, 11.5], "texture": "#2"},
				"up": {"uv": [11, 11, 10, 10.5], "texture": "#2"},
				"down": {"uv": [4.5, 11, 3.5, 11.5], "texture": "#2"}
			}
		},
		{
			"from": [10, 0, 10],
			"to": [11, 1, 13],
			"rotation": {"angle": 0, "axis": "y", "origin": [10, 0, 10]},
			"faces": {
				"north": {"uv": [11.5, 2, 12, 2.5], "texture": "#2"},
				"east": {"uv": [9.5, 8.5, 11, 9], "texture": "#2"},
				"south": {"uv": [11.5, 2.5, 12, 3], "texture": "#2"},
				"west": {"uv": [9.5, 9, 11, 9.5], "texture": "#2"},
				"up": {"uv": [8.5, 11, 8, 9.5], "texture": "#2"},
				"down": {"uv": [10, 9.5, 9.5, 11], "texture": "#2"}
			}
		},
		{
			"from": [6, 0, 3],
			"to": [7, 1, 4],
			"rotation": {"angle": 0, "axis": "y", "origin": [6, 0, 3]},
			"faces": {
				"north": {"uv": [3, 11.5, 3.5, 12], "texture": "#2"},
				"east": {"uv": [11.5, 3, 12, 3.5], "texture": "#2"},
				"south": {"uv": [3.5, 11.5, 4, 12], "texture": "#2"},
				"west": {"uv": [11.5, 3.5, 12, 4], "texture": "#2"},
				"up": {"uv": [4.5, 12, 4, 11.5], "texture": "#2"},
				"down": {"uv": [12, 4, 11.5, 4.5], "texture": "#2"}
			}
		},
		{
			"from": [9, 0, 3],
			"to": [10, 1, 4],
			"rotation": {"angle": 0, "axis": "y", "origin": [9, 0, 3]},
			"faces": {
				"north": {"uv": [4.5, 11.5, 5, 12], "texture": "#2"},
				"east": {"uv": [5, 11.5, 5.5, 12], "texture": "#2"},
				"south": {"uv": [11.5, 5, 12, 5.5], "texture": "#2"},
				"west": {"uv": [5.5, 11.5, 6, 12], "texture": "#2"},
				"up": {"uv": [12, 6, 11.5, 5.5], "texture": "#2"},
				"down": {"uv": [7.5, 11.5, 7, 12], "texture": "#2"}
			}
		},
		{
			"from": [10, 0, 3],
			"to": [11, 1, 6],
			"rotation": {"angle": 0, "axis": "y", "origin": [10, 0, 3]},
			"faces": {
				"north": {"uv": [7.5, 11.5, 8, 12], "texture": "#2"},
				"east": {"uv": [10, 2, 11.5, 2.5], "texture": "#2"},
				"south": {"uv": [8, 11.5, 8.5, 12], "texture": "#2"},
				"west": {"uv": [10, 2.5, 11.5, 3], "texture": "#2"},
				"up": {"uv": [3.5, 11.5, 3, 10], "texture": "#2"},
				"down": {"uv": [10.5, 3, 10, 4.5], "texture": "#2"}
			}
		},
		{
			"from": [9, 0, 7],
			"to": [10, 1, 9],
			"rotation": {"angle": 0, "axis": "y", "origin": [9, 0, 7]},
			"faces": {
				"north": {"uv": [11.5, 8, 12, 8.5], "texture": "#2"},
				"east": {"uv": [4.5, 11, 5.5, 11.5], "texture": "#2"},
				"south": {"uv": [8.5, 11.5, 9, 12], "texture": "#2"},
				"west": {"uv": [11, 4.5, 12, 5], "texture": "#2"},
				"up": {"uv": [9, 11.5, 8.5, 10.5], "texture": "#2"},
				"down": {"uv": [11.5, 5, 11, 6], "texture": "#2"}
			}
		},
		{
			"from": [11, 1, 0],
			"to": [11.7, 1.7, 16],
			"faces": {
				"north": {"uv": [11.5, 8.5, 12, 9], "texture": "#2"},
				"east": {"uv": [6, 6, 14, 6.5], "texture": "#2"},
				"south": {"uv": [9, 11.5, 9.5, 12], "texture": "#2"},
				"west": {"uv": [6, 6.5, 14, 7], "texture": "#2"},
				"up": {"uv": [6.5, 15, 6, 7], "texture": "#2"},
				"down": {"uv": [7, 7, 6.5, 15], "texture": "#2"}
			}
		},
		{
			"from": [4.3, 1, 0],
			"to": [5, 1.7, 16],
			"faces": {
				"north": {"uv": [11.5, 9, 12, 9.5], "texture": "#2"},
				"east": {"uv": [7, 7, 15, 7.5], "texture": "#2"},
				"south": {"uv": [9.5, 11.5, 10, 12], "texture": "#2"},
				"west": {"uv": [7, 7.5, 15, 8], "texture": "#2"},
				"up": {"uv": [2.5, 16, 2, 8], "texture": "#2"},
				"down": {"uv": [3, 8, 2.5, 16], "texture": "#2"}
			}
		},
		{
			"from": [6, 0, 4],
			"to": [10, 0.5, 6],
			"rotation": {"angle": 0, "axis": "y", "origin": [6, 0, 4]},
			"faces": {
				"north": {"uv": [4, 2, 8, 3], "texture": "#tint", "tintindex": 0},
				"east": {"uv": [0, 6, 2, 7], "texture": "#tint", "tintindex": 0},
				"south": {"uv": [4, 3, 8, 4], "texture": "#tint", "tintindex": 0},
				"west": {"uv": [2, 6, 4, 7], "texture": "#tint", "tintindex": 0},
				"up": {"uv": [4, 2, 0, 0], "texture": "#tint", "tintindex": 0},
				"down": {"uv": [4, 2, 0, 4], "texture": "#tint", "tintindex": 0}
			}
		},
		{
			"from": [6, 0, 9],
			"to": [10, 0.5, 11],
			"rotation": {"angle": 0, "axis": "y", "origin": [6, 0, 9]},
			"faces": {
				"north": {"uv": [4, 4, 8, 5], "texture": "#tint", "tintindex": 0},
				"east": {"uv": [4, 6, 6, 7], "texture": "#tint", "tintindex": 0},
				"south": {"uv": [4, 5, 8, 6], "texture": "#tint", "tintindex": 0},
				"west": {"uv": [6, 6, 8, 7], "texture": "#tint", "tintindex": 0},
				"up": {"uv": [4, 6, 0, 4], "texture": "#tint", "tintindex": 0},
				"down": {"uv": [8, 0, 4, 2], "texture": "#tint", "tintindex": 0}
			}
		},
		{
			"from": [7, 0, 3],
			"to": [9, 0.5, 4],
			"rotation": {"angle": 0, "axis": "y", "origin": [7, 0, 3]},
			"faces": {
				"north": {"uv": [0, 7, 2, 8], "texture": "#tint", "tintindex": 0},
				"east": {"uv": [8, 2, 9, 3], "texture": "#tint", "tintindex": 0},
				"south": {"uv": [2, 7, 4, 8], "texture": "#tint", "tintindex": 0},
				"west": {"uv": [8, 3, 9, 4], "texture": "#tint", "tintindex": 0},
				"up": {"uv": [6, 8, 4, 7], "texture": "#tint", "tintindex": 0},
				"down": {"uv": [8, 7, 6, 8], "texture": "#tint", "tintindex": 0}
			}
		},
		{
			"from": [7, 0, 8],
			"to": [9, 0.5, 9],
			"rotation": {"angle": 0, "axis": "y", "origin": [7, 0, 8]},
			"faces": {
				"north": {"uv": [0, 8, 2, 9], "texture": "#tint", "tintindex": 0},
				"east": {"uv": [4, 8, 5, 9], "texture": "#tint", "tintindex": 0},
				"south": {"uv": [8, 0, 10, 1], "texture": "#tint", "tintindex": 0},
				"west": {"uv": [8, 4, 9, 5], "texture": "#tint", "tintindex": 0},
				"up": {"uv": [10, 2, 8, 1], "texture": "#tint", "tintindex": 0},
				"down": {"uv": [4, 8, 2, 9], "texture": "#tint", "tintindex": 0}
			}
		},
		{
			"from": [6, 0, 6],
			"to": [7, 0.5, 7],
			"rotation": {"angle": 0, "axis": "y", "origin": [6, 0, 6]},
			"faces": {
				"north": {"uv": [5, 8, 6, 9], "texture": "#tint", "tintindex": 0},
				"east": {"uv": [8, 5, 9, 6], "texture": "#tint", "tintindex": 0},
				"south": {"uv": [6, 8, 7, 9], "texture": "#tint", "tintindex": 0},
				"west": {"uv": [8, 6, 9, 7], "texture": "#tint", "tintindex": 0},
				"up": {"uv": [8, 9, 7, 8], "texture": "#tint", "tintindex": 0},
				"down": {"uv": [9, 7, 8, 8], "texture": "#tint", "tintindex": 0}
			}
		},
		{
			"from": [6, 0, 11],
			"to": [7, 0.5, 12],
			"rotation": {"angle": 0, "axis": "y", "origin": [6, 0, 11]},
			"faces": {
				"north": {"uv": [8, 8, 9, 9], "texture": "#tint", "tintindex": 0},
				"east": {"uv": [0, 9, 1, 10], "texture": "#tint", "tintindex": 0},
				"south": {"uv": [1, 9, 2, 10], "texture": "#tint", "tintindex": 0},
				"west": {"uv": [2, 9, 3, 10], "texture": "#tint", "tintindex": 0},
				"up": {"uv": [10, 3, 9, 2], "texture": "#tint", "tintindex": 0},
				"down": {"uv": [4, 9, 3, 10], "texture": "#tint", "tintindex": 0}
			}
		},
		{
			"from": [9, 0, 11],
			"to": [10, 0.5, 12],
			"rotation": {"angle": 0, "axis": "y", "origin": [9, 0, 11]},
			"faces": {
				"north": {"uv": [9, 3, 10, 4], "texture": "#tint", "tintindex": 0},
				"east": {"uv": [4, 9, 5, 10], "texture": "#tint", "tintindex": 0},
				"south": {"uv": [9, 4, 10, 5], "texture": "#tint", "tintindex": 0},
				"west": {"uv": [5, 9, 6, 10], "texture": "#tint", "tintindex": 0},
				"up": {"uv": [10, 6, 9, 5], "texture": "#tint", "tintindex": 0},
				"down": {"uv": [7, 9, 6, 10], "texture": "#tint", "tintindex": 0}
			}
		},
		{
			"from": [9, 0, 6],
			"to": [10, 0.5, 7],
			"rotation": {"angle": 0, "axis": "y", "origin": [9, 0, 6]},
			"faces": {
				"north": {"uv": [9, 6, 10, 7], "texture": "#tint", "tintindex": 0},
				"east": {"uv": [7, 9, 8, 10], "texture": "#tint", "tintindex": 0},
				"south": {"uv": [9, 7, 10, 8], "texture": "#tint", "tintindex": 0},
				"west": {"uv": [8, 9, 9, 10], "texture": "#tint", "tintindex": 0},
				"up": {"uv": [10, 9, 9, 8], "texture": "#tint", "tintindex": 0},
				"down": {"uv": [10, 9, 9, 10], "texture": "#tint", "tintindex": 0}
			}
		}
	],
	"gui_light": "front",
	"display": {
		"thirdperson_righthand": {
			"rotation": [90, 0, 0],
			"translation": [0, 2.25, 4.5],
			"scale": [0.6, 0.6, 0.6]
		},
		"thirdperson_lefthand": {
			"rotation": [90, 0, 0],
			"translation": [0, 2.25, 4.5],
			"scale": [0.6, 0.6, 0.6]
		},
		"firstperson_righthand": {
			"rotation": [50, 0, 75],
			"translation": [3, 0.5, -6]
		},
		"firstperson_lefthand": {
			"rotation": [50, 0, 75],
			"translation": [3, 0.5, -6]
		},
		"ground": {
			"translation": [0, 2.5, 0],
			"scale": [0.5, 0.5, 0.5]
		},
		"gui": {
			"rotation": [90, 0, 0]
		},
		"head": {
			"rotation": [90, 0, 0],
			"translation": [0, 0, 14.5]
		},
		"fixed": {
			"rotation": [-90, 0, 0],
			"translation": [0, 0, -8]
		}
	},
	"groups": [
		{
			"name": "rail",
			"origin": [8, 8, 8],
			"color": 0,
			"children": [0, 1]
		},
		{
			"name": "steps",
			"origin": [8, 8, 8],
			"color": 0,
			"children": [2, 3, 4, 5, 6, 7, 8, 9, 10, 11, 12, 13, 14, 15, 16]
		},
		{
			"name": "powered_rail",
			"origin": [8, 8, 8],
			"color": 0,
			"children": [17, 18]
		},
		{
			"name": "redstone",
			"origin": [8, 8, 8],
			"color": 0,
			"children": [19, 20, 21, 22, 23, 24, 25, 26]
		}
	]
}