{
	"credit": "Made with Blockbench, by xR4YM0ND",
	"texture_size": [32, 32],
	"textures": {
		"0": "usefulrailroads:block/rays_teleport_rail",
		"particle": "usefulrailroads:block/rays_teleport_rail"
	},
	"elements": [
		{
			"from": [3, 1, 0],
			"to": [4, 2, 16],
			"faces": {
				"north": {"uv": [5.5, 7, 6, 7.5], "texture": "#0"},
				"east": {"uv": [6, 1, 14, 1.5], "texture": "#0"},
				"south": {"uv": [5.5, 7.5, 6, 8], "texture": "#0"},
				"west": {"uv": [6, 1.5, 14, 2], "texture": "#0"},
				"up": {"uv": [6.5, 10, 6, 2], "texture": "#0"},
				"down": {"uv": [7, 2, 6.5, 10], "texture": "#0"}
			}
		},
		{
			"from": [12, 1, 0],
			"to": [13, 2, 16],
			"faces": {
				"north": {"uv": [5.5, 9, 6, 9.5], "texture": "#0"},
				"east": {"uv": [7, 2, 15, 2.5], "texture": "#0"},
				"south": {"uv": [5, 9.5, 5.5, 10], "texture": "#0"},
				"west": {"uv": [7, 2.5, 15, 3], "texture": "#0"},
				"up": {"uv": [0.5, 15, 0, 7], "texture": "#0"},
				"down": {"uv": [1, 7, 0.5, 15], "texture": "#0"}
			}
		},
		{
			"from": [2, 0, 1],
			"to": [14, 1, 3],
			"faces": {
				"north": {"uv": [7, 4, 13, 4.5], "texture": "#0"},
				"east": {"uv": [4.5, 7, 5.5, 7.5], "texture": "#0"},
				"south": {"uv": [7, 4.5, 13, 5], "texture": "#0"},
				"west": {"uv": [4.5, 7.5, 5.5, 8], "texture": "#0"},
				"up": {"uv": [6, 1, 0, 0], "texture": "#0"},
				"down": {"uv": [6, 1, 0, 2], "texture": "#0"}
			}
		},
		{
			"from": [2, 0, 5],
			"to": [14, 1, 7],
			"faces": {
				"north": {"uv": [7, 5, 13, 5.5], "texture": "#0"},
				"east": {"uv": [4, 8, 5, 8.5], "texture": "#0"},
				"south": {"uv": [7, 5.5, 13, 6], "texture": "#0"},
				"west": {"uv": [5, 8, 6, 8.5], "texture": "#0"},
				"up": {"uv": [6, 3, 0, 2], "texture": "#0"},
				"down": {"uv": [6, 3, 0, 4], "texture": "#0"}
			}
		},
		{
			"from": [2, 0, 9],
			"to": [14, 1, 11],
			"faces": {
				"north": {"uv": [7, 6, 13, 6.5], "texture": "#0"},
				"east": {"uv": [4, 8.5, 5, 9], "texture": "#0"},
				"south": {"uv": [7, 6.5, 13, 7], "texture": "#0"},
				"west": {"uv": [5, 8.5, 6, 9], "texture": "#0"},
				"up": {"uv": [6, 5, 0, 4], "texture": "#0"},
				"down": {"uv": [6, 5, 0, 6], "texture": "#0"}
			}
		},
		{
			"from": [2, 0, 13],
			"to": [14, 1, 15],
			"faces": {
				"north": {"uv": [7, 7, 13, 7.5], "texture": "#0"},
				"east": {"uv": [4.5, 9, 5.5, 9.5], "texture": "#0"},
				"south": {"uv": [7, 7.5, 13, 8], "texture": "#0"},
				"west": {"uv": [4, 9.5, 5, 10], "texture": "#0"},
				"up": {"uv": [6, 7, 0, 6], "texture": "#0"},
				"down": {"uv": [12, 0, 6, 1], "texture": "#0"}
			}
		},
		{
			"from": [7, 1, 4.5],
			"to": [9, 1.5, 5],
			"faces": {
				"north": {"uv": [7, 11, 8, 11.25], "texture": "#0"},
				"east": {"uv": [7.5, 11.5, 7.75, 11.75], "texture": "#0"},
				"south": {"uv": [8, 11, 9, 11.25], "texture": "#0"},
				"west": {"uv": [8, 11.5, 8.25, 11.75], "texture": "#0"},
				"up": {"uv": [10, 11.25, 9, 11], "texture": "#0"},
				"down": {"uv": [11, 11, 10, 11.25], "texture": "#0"}
			}
		},
		{
			"from": [7, 1, 11],
			"to": [9, 1.5, 11.5],
			"faces": {
				"north": {"uv": [2, 11.5, 3, 11.75], "texture": "#0"},
				"east": {"uv": [12, 0.5, 12.25, 0.75], "texture": "#0"},
				"south": {"uv": [3, 11.5, 4, 11.75], "texture": "#0"},
				"west": {"uv": [1, 12, 1.25, 12.25], "texture": "#0"},
				"up": {"uv": [5, 11.75, 4, 11.5], "texture": "#0"},
				"down": {"uv": [6, 11.5, 5, 11.75], "texture": "#0"}
			}
		},
		{
			"from": [6, 1, 5],
			"to": [10, 1.5, 5.5],
			"faces": {
				"north": {"uv": [10.5, 3.5, 12.5, 3.75], "texture": "#0"},
				"east": {"uv": [8.5, 11.5, 8.75, 11.75], "texture": "#0"},
				"south": {"uv": [6, 10.5, 8, 10.75], "texture": "#0"},
				"west": {"uv": [9, 11.5, 9.25, 11.75], "texture": "#0"},
				"up": {"uv": [10, 10.75, 8, 10.5], "texture": "#0"},
				"down": {"uv": [12.5, 9, 10.5, 9.25], "texture": "#0"}
			}
		},
		{
			"from": [6, 1, 10.5],
			"to": [10, 1.5, 11],
			"faces": {
				"north": {"uv": [10, 10.5, 12, 10.75], "texture": "#0"},
				"east": {"uv": [11.5, 11.5, 11.75, 11.75], "texture": "#0"},
				"south": {"uv": [1, 11, 3, 11.25], "texture": "#0"},
				"west": {"uv": [12, 0, 12.25, 0.25], "texture": "#0"},
				"up": {"uv": [5, 11.25, 3, 11], "texture": "#0"},
				"down": {"uv": [7, 11, 5, 11.25], "texture": "#0"}
			}
		},
		{
			"from": [5.5, 1, 5.5],
			"to": [10.5, 1.5, 6],
			"faces": {
				"north": {"uv": [7, 10, 9.5, 10.25], "texture": "#0"},
				"east": {"uv": [9.5, 11.5, 9.75, 11.75], "texture": "#0"},
				"south": {"uv": [10, 8, 12.5, 8.25], "texture": "#0"},
				"west": {"uv": [10, 11.5, 10.25, 11.75], "texture": "#0"},
				"up": {"uv": [12.5, 8.75, 10, 8.5], "texture": "#0"},
				"down": {"uv": [12, 10, 9.5, 10.25], "texture": "#0"}
			}
		},
		{
			"from": [5.5, 1, 10],
			"to": [10.5, 1.5, 10.5],
			"faces": {
				"north": {"uv": [10, 9.5, 12.5, 9.75], "texture": "#0"},
				"east": {"uv": [10.5, 11.5, 10.75, 11.75], "texture": "#0"},
				"south": {"uv": [1, 10.5, 3.5, 10.75], "texture": "#0"},
				"west": {"uv": [11, 11.5, 11.25, 11.75], "texture": "#0"},
				"up": {"uv": [13, 3.25, 10.5, 3], "texture": "#0"},
				"down": {"uv": [6, 10.5, 3.5, 10.75], "texture": "#0"}
			}
		},
		{
			"from": [5, 1, 6],
			"to": [11, 1.5, 7],
			"faces": {
				"north": {"uv": [1, 9.5, 4, 9.75], "texture": "#0"},
				"east": {"uv": [5.5, 9.5, 6, 9.75], "texture": "#0"},
				"south": {"uv": [7, 9.5, 10, 9.75], "texture": "#0"},
				"west": {"uv": [6, 11.5, 6.5, 11.75], "texture": "#0"},
				"up": {"uv": [4, 8.5, 1, 8], "texture": "#0"},
				"down": {"uv": [10, 8, 7, 8.5], "texture": "#0"}
			}
		},
		{
			"from": [5, 1, 9],
			"to": [11, 1.5, 10],
			"faces": {
				"north": {"uv": [1, 10, 4, 10.25], "texture": "#0"},
				"east": {"uv": [6.5, 11.5, 7, 11.75], "texture": "#0"},
				"south": {"uv": [4, 10, 7, 10.25], "texture": "#0"},
				"west": {"uv": [7, 11.5, 7.5, 11.75], "texture": "#0"},
				"up": {"uv": [4, 9, 1, 8.5], "texture": "#0"},
				"down": {"uv": [10, 8.5, 7, 9], "texture": "#0"}
			}
		},
		{
			"from": [4.5, 1, 7],
			"to": [11.5, 1.5, 9],
			"faces": {
				"north": {"uv": [1, 9, 4.5, 9.25], "texture": "#0"},
				"east": {"uv": [11, 11, 12, 11.25], "texture": "#0"},
				"south": {"uv": [7, 9, 10.5, 9.25], "texture": "#0"},
				"west": {"uv": [1, 11.5, 2, 11.75], "texture": "#0"},
				"up": {"uv": [4.5, 8, 1, 7], "texture": "#0"},
				"down": {"uv": [10.5, 3, 7, 4], "texture": "#0"}
			}
		}
	],
	"gui_light": "front",
	"display": {
		"thirdperson_righthand": {
			"rotation": [90, 0, 0],
			"translation": [0, 2.25, 4.5],
			"scale": [0.6, 0.6, 0.6]
		},
		"thirdperson_lefthand": {
			"rotation": [90, 0, 0],
			"translation": [0, 2.25, 4.5],
			"scale": [0.6, 0.6, 0.6]
		},
		"firstperson_righthand": {
			"rotation": [50, 0, 75],
			"translation": [3, 0.5, -6]
		},
		"firstperson_lefthand": {
			"rotation": [50, 0, 75],
			"translation": [3, 0.5, -6]
		},
		"ground": {
			"translation": [0, 2.5, 0],
			"scale": [0.5, 0.5, 0.5]
		},
		"gui": {
			"rotation": [90, 0, 0]
		},
		"head": {
			"rotation": [90, 0, 0],
			"translation": [0, 0, 14.5]
		},
		"fixed": {
			"rotation": [-90, 0, 0],
			"translation": [0, 0, -8]
		}
	},
	"groups": [
		{
			"name": "rail",
			"origin": [8, 8, 8],
			"color": 0,
			"children": [0, 1]
		},
		{
			"name": "steps",
			"origin": [8, 8, 8],
			"color": 0,
			"children": [2, 3, 4, 5]
		},
		{
			"name": "extras",
			"origin": [8, 8, 8],
			"color": 0,
			"children": [6, 7, 8, 9, 10, 11, 12, 13, 14]
		}
	]
}