{
	"credit": "Made with Blockbench, by xR4YM0ND",
	"texture_size": [32, 32],
	"textures": {
		"1": "littlelogistics:block/rays_car_dock_rail",
		"particle": "littlelogistics:block/rays_car_dock_rail"
	},
	"elements": [
		{
			"from": [3, 1, 0],
			"to": [4, 2, 16],
			"faces": {
				"north": {"uv": [4.5, 9.5, 5, 10], "texture": "#1"},
				"east": {"uv": [6, 5, 14, 5.5], "texture": "#1"},
				"south": {"uv": [5.5, 11, 6, 11.5], "texture": "#1"},
				"west": {"uv": [6, 5.5, 14, 6], "texture": "#1"},
				"up": {"uv": [6.5, 14, 6, 6], "texture": "#1"},
				"down": {"uv": [7, 6, 6.5, 14], "texture": "#1"}
			}
		},
		{
			"from": [12, 1, 0],
			"to": [13, 2, 16],
			"faces": {
				"north": {"uv": [5.5, 11.5, 6, 12], "texture": "#1"},
				"east": {"uv": [7, 6, 15, 6.5], "texture": "#1"},
				"south": {"uv": [12, 2.5, 12.5, 3], "texture": "#1"},
				"west": {"uv": [7, 6.5, 15, 7], "texture": "#1"},
				"up": {"uv": [0.5, 15, 0, 7], "texture": "#1"},
				"down": {"uv": [1, 7, 0.5, 15], "texture": "#1"}
			}
		},
		{
			"from": [2, 0, 1],
			"to": [14, 1, 3],
			"faces": {
				"north": {"uv": [7, 7, 13, 7.5], "texture": "#1"},
				"east": {"uv": [2.5, 11.5, 3.5, 12], "texture": "#1"},
				"south": {"uv": [7, 7.5, 13, 8], "texture": "#1"},
				"west": {"uv": [3.5, 11.5, 4.5, 12], "texture": "#1"},
				"up": {"uv": [6, 5, 0, 4], "texture": "#1"},
				"down": {"uv": [6, 5, 0, 6], "texture": "#1"}
			}
		},
		{
			"from": [2, 0, 5],
			"to": [14, 1, 7],
			"faces": {
				"north": {"uv": [7, 8, 13, 8.5], "texture": "#1"},
				"east": {"uv": [4.5, 11.5, 5.5, 12], "texture": "#1"},
				"south": {"uv": [7, 8.5, 13, 9], "texture": "#1"},
				"west": {"uv": [7, 11.5, 8, 12], "texture": "#1"},
				"up": {"uv": [6, 7, 0, 6], "texture": "#1"},
				"down": {"uv": [12, 0, 6, 1], "texture": "#1"}
			}
		},
		{
			"from": [2, 0, 9],
			"to": [14, 1, 11],
			"faces": {
				"north": {"uv": [7, 9, 13, 9.5], "texture": "#1"},
				"east": {"uv": [8, 11.5, 9, 12], "texture": "#1"},
				"south": {"uv": [7, 9.5, 13, 10], "texture": "#1"},
				"west": {"uv": [9, 11.5, 10, 12], "texture": "#1"},
				"up": {"uv": [12, 2, 6, 1], "texture": "#1"},
				"down": {"uv": [12, 2, 6, 3], "texture": "#1"}
			}
		},
		{
			"from": [2, 0, 13],
			"to": [14, 1, 15],
			"faces": {
				"north": {"uv": [7, 10, 13, 10.5], "texture": "#1"},
				"east": {"uv": [10, 11.5, 11, 12], "texture": "#1"},
				"south": {"uv": [7, 10.5, 13, 11], "texture": "#1"},
				"west": {"uv": [11, 11.5, 12, 12], "texture": "#1"},
				"up": {"uv": [12, 4, 6, 3], "texture": "#1"},
				"down": {"uv": [12, 4, 6, 5], "texture": "#1"}
			}
		},
		{
			"from": [5, -0.004, 0],
			"to": [7, 1.096, 3.004],
			"faces": {
				"north": {"uv": [11.5, 11, 12.5, 11.5], "texture": "#1"},
				"east": {"uv": [3, 9.5, 4.5, 10], "texture": "#1"},
				"south": {"uv": [12, 0, 13, 0.5], "texture": "#1"},
				"west": {"uv": [1, 11, 2.5, 11.5], "texture": "#1"},
				"up": {"uv": [6, 8.5, 5, 7], "texture": "#1"},
				"down": {"uv": [2, 8, 1, 9.5], "texture": "#1"}
			}
		},
		{
			"from": [9, -0.004, 0],
			"to": [11, 1.096, 3.004],
			"faces": {
				"north": {"uv": [12, 0.5, 13, 1], "texture": "#1"},
				"east": {"uv": [2.5, 11, 4, 11.5], "texture": "#1"},
				"south": {"uv": [1, 12, 2, 12.5], "texture": "#1"},
				"west": {"uv": [4, 11, 5.5, 11.5], "texture": "#1"},
				"up": {"uv": [3, 9.5, 2, 8], "texture": "#1"},
				"down": {"uv": [4, 8, 3, 9.5], "texture": "#1"}
			}
		},
		{
			"from": [9, -0.004, 12.996],
			"to": [11, 1.096, 16],
			"faces": {
				"north": {"uv": [12, 1, 13, 1.5], "texture": "#1"},
				"east": {"uv": [7, 11, 8.5, 11.5], "texture": "#1"},
				"south": {"uv": [12, 1.5, 13, 2], "texture": "#1"},
				"west": {"uv": [8.5, 11, 10, 11.5], "texture": "#1"},
				"up": {"uv": [5, 9.5, 4, 8], "texture": "#1"},
				"down": {"uv": [6, 8.5, 5, 10], "texture": "#1"}
			}
		},
		{
			"from": [5, -0.004, 12.996],
			"to": [7, 1.096, 16],
			"faces": {
				"north": {"uv": [2, 12, 3, 12.5], "texture": "#1"},
				"east": {"uv": [10, 11, 11.5, 11.5], "texture": "#1"},
				"south": {"uv": [12, 2, 13, 2.5], "texture": "#1"},
				"west": {"uv": [1, 11.5, 2.5, 12], "texture": "#1"},
				"up": {"uv": [2, 11, 1, 9.5], "texture": "#1"},
				"down": {"uv": [3, 9.5, 2, 11], "texture": "#1"}
			}
		},
		{
			"from": [5, -0.004, 4],
			"to": [11, 1.096, 12],
			"faces": {
				"north": {"uv": [3, 10, 6, 10.5], "texture": "#1"},
				"east": {"uv": [1, 7, 5, 7.5], "texture": "#1"},
				"south": {"uv": [3, 10.5, 6, 11], "texture": "#1"},
				"west": {"uv": [1, 7.5, 5, 8], "texture": "#1"},
				"up": {"uv": [3, 4, 0, 0], "texture": "#1"},
				"down": {"uv": [6, 0, 3, 4], "texture": "#1"}
			}
		}
	],
	"gui_light": "front",
	"display": {
		"thirdperson_righthand": {
			"rotation": [90, 0, 0],
			"translation": [0, 2.25, 4.5],
			"scale": [0.6, 0.6, 0.6]
		},
		"thirdperson_lefthand": {
			"rotation": [90, 0, 0],
			"translation": [0, 2.25, 4.5],
			"scale": [0.6, 0.6, 0.6]
		},
		"firstperson_righthand": {
			"rotation": [50, 0, 75],
			"translation": [3, 0.5, -6]
		},
		"firstperson_lefthand": {
			"rotation": [50, 0, 75],
			"translation": [3, 0.5, -6]
		},
		"ground": {
			"translation": [0, 2.5, 0],
			"scale": [0.5, 0.5, 0.5]
		},
		"gui": {
			"rotation": [90, 0, 0]
		},
		"head": {
			"rotation": [90, 0, 0],
			"translation": [0, 0, 14.5]
		},
		"fixed": {
			"rotation": [-90, 0, 0],
			"translation": [0, 0, -8]
		}
	},
	"groups": [
		{
			"name": "rail",
			"origin": [8, 8, 8],
			"color": 0,
			"children": [0, 1]
		},
		{
			"name": "steps",
			"origin": [8, 8, 8],
			"color": 0,
			"children": [2, 3, 4, 5]
		},
		{
			"name": "extras",
			"origin": [8, 8, 8],
			"color": 0,
			"children": [6, 7, 8, 9, 10]
		}
	]
}