{
	"credit": "Made with Blockbench",
	"texture_size": [32, 32],
	"textures": {
		"2": "littlelogistics:block/rays_switch_rail_right_off",
		"particle": "littlelogistics:block/rays_switch_rail_right_off"
	},
	"elements": [
		{
			"from": [12, 1, 0],
			"to": [13, 2, 16],
			"faces": {
				"north": {"uv": [5.5, 9.5, 6, 10], "texture": "#2"},
				"east": {"uv": [6, 1, 14, 1.5], "texture": "#2"},
				"south": {"uv": [10, 7.5, 10.5, 8], "texture": "#2"},
				"west": {"uv": [6, 1.5, 14, 2], "texture": "#2"},
				"up": {"uv": [6.5, 10, 6, 2], "texture": "#2"},
				"down": {"uv": [7, 2, 6.5, 10], "texture": "#2"}
			}
		},
		{
			"from": [3, 1, 0],
			"to": [4, 2, 16],
			"faces": {
				"north": {"uv": [8, 10, 8.5, 10.5], "texture": "#2"},
				"east": {"uv": [7, 2, 15, 2.5], "texture": "#2"},
				"south": {"uv": [10, 8, 10.5, 8.5], "texture": "#2"},
				"west": {"uv": [7, 2.5, 15, 3], "texture": "#2"},
				"up": {"uv": [0.5, 15, 0, 7], "texture": "#2"},
				"down": {"uv": [1, 7, 0.5, 15], "texture": "#2"}
			}
		},
		{
			"name": "connector",
			"from": [13.484, 1, 3],
			"to": [16, 1.5, 4],
			"faces": {
				"north": {"uv": [4, 7.5, 5.5, 8], "texture": "#2"},
				"east": {"uv": [8.5, 10, 9, 10.5], "texture": "#2"},
				"south": {"uv": [4, 8, 5.5, 8.5], "texture": "#2"},
				"west": {"uv": [10, 8.5, 10.5, 9], "texture": "#2"},
				"up": {"uv": [5.5, 9, 4, 8.5], "texture": "#2"},
				"down": {"uv": [5.5, 9, 4, 9.5], "texture": "#2"}
			}
		},
		{
			"name": "-22,5",
			"from": [7.928, 1.002, 6.23],
			"to": [8.928, 1.498, 11.31],
			"rotation": {"angle": -22.5, "axis": "y", "origin": [0, 0, 0]},
			"faces": {
				"north": {"uv": [9, 10, 9.5, 10.5], "texture": "#2"},
				"east": {"uv": [1, 7, 3.5, 7.5], "texture": "#2"},
				"south": {"uv": [9.5, 10, 10, 10.5], "texture": "#2"},
				"west": {"uv": [3.5, 7, 6, 7.5], "texture": "#2"},
				"up": {"uv": [7.5, 9.5, 7, 7], "texture": "#2"},
				"down": {"uv": [1.5, 7.5, 1, 10], "texture": "#2"}
			}
		},
		{
			"name": "22,5",
			"from": [6.229, 1.002, 7.928],
			"to": [11.31, 1.498, 8.928],
			"rotation": {"angle": 22.5, "axis": "y", "origin": [0, 0, 0]},
			"faces": {
				"north": {"uv": [1.5, 7.5, 4, 8], "texture": "#2"},
				"east": {"uv": [10, 9.5, 10.5, 10], "texture": "#2"},
				"south": {"uv": [7.5, 7, 10, 7.5], "texture": "#2"},
				"west": {"uv": [10, 10, 10.5, 10.5], "texture": "#2"},
				"up": {"uv": [10, 8, 7.5, 7.5], "texture": "#2"},
				"down": {"uv": [4, 8, 1.5, 8.5], "texture": "#2"}
			}
		},
		{
			"name": "45",
			"from": [-2.72, 1, 9.706],
			"to": [2.72, 1.5, 10.706],
			"rotation": {"angle": 45, "axis": "y", "origin": [0, 0, 0]},
			"faces": {
				"north": {"uv": [7.5, 8, 10, 8.5], "texture": "#2"},
				"east": {"uv": [1, 10.5, 1.5, 11], "texture": "#2"},
				"south": {"uv": [1.5, 8.5, 4, 9], "texture": "#2"},
				"west": {"uv": [1.5, 10.5, 2, 11], "texture": "#2"},
				"up": {"uv": [10, 9, 7.5, 8.5], "texture": "#2"},
				"down": {"uv": [4, 9, 1.5, 9.5], "texture": "#2"}
			}
		},
		{
			"name": "connector",
			"from": [15.275, 1, 12],
			"to": [16, 1.5, 13],
			"faces": {
				"north": {"uv": [2, 10.5, 2.5, 11], "texture": "#2"},
				"east": {"uv": [2.5, 10.5, 3, 11], "texture": "#2"},
				"south": {"uv": [3, 10.5, 3.5, 11], "texture": "#2"},
				"west": {"uv": [3.5, 10.5, 4, 11], "texture": "#2"},
				"up": {"uv": [4.5, 11, 4, 10.5], "texture": "#2"},
				"down": {"uv": [5, 10.5, 4.5, 11], "texture": "#2"}
			}
		},
		{
			"from": [8.02, 1.002, 16.928],
			"to": [9.52, 1.498, 17.928],
			"rotation": {"angle": 22.5, "axis": "y", "origin": [0, 0, 0]},
			"faces": {
				"north": {"uv": [7.5, 9, 8.5, 9.5], "texture": "#2"},
				"east": {"uv": [5, 10.5, 5.5, 11], "texture": "#2"},
				"south": {"uv": [8.5, 9, 9.5, 9.5], "texture": "#2"},
				"west": {"uv": [5.5, 10.5, 6, 11], "texture": "#2"},
				"up": {"uv": [2.5, 10, 1.5, 9.5], "texture": "#2"},
				"down": {"uv": [3.5, 9.5, 2.5, 10], "texture": "#2"}
			}
		},
		{
			"from": [16.928, 1.002, 8.02],
			"to": [17.928, 1.498, 9.52],
			"rotation": {"angle": -22.5, "axis": "y", "origin": [0, 0, 0]},
			"faces": {
				"north": {"uv": [6, 10.5, 6.5, 11], "texture": "#2"},
				"east": {"uv": [3.5, 9.5, 4.5, 10], "texture": "#2"},
				"south": {"uv": [6.5, 10.5, 7, 11], "texture": "#2"},
				"west": {"uv": [4.5, 9.5, 5.5, 10], "texture": "#2"},
				"up": {"uv": [6, 8.5, 5.5, 7.5], "texture": "#2"},
				"down": {"uv": [6, 8.5, 5.5, 9.5], "texture": "#2"}
			}
		},
		{
			"name": "middle",
			"from": [-0.93, 1, 18.7082],
			"to": [0.93, 1.5, 19.7082],
			"rotation": {"angle": 45, "axis": "y", "origin": [0, 0, 0]},
			"faces": {
				"north": {"uv": [7, 9.5, 8, 10], "texture": "#2"},
				"east": {"uv": [7, 10.5, 7.5, 11], "texture": "#2"},
				"south": {"uv": [8, 9.5, 9, 10], "texture": "#2"},
				"west": {"uv": [7.5, 10.5, 8, 11], "texture": "#2"},
				"up": {"uv": [10, 10, 9, 9.5], "texture": "#2"},
				"down": {"uv": [10.5, 9, 9.5, 9.5], "texture": "#2"}
			}
		},
		{
			"from": [2, 0, 13],
			"to": [14, 1, 15],
			"faces": {
				"north": {"uv": [7, 3, 13, 3.5], "texture": "#2"},
				"east": {"uv": [1, 10, 2, 10.5], "texture": "#2"},
				"south": {"uv": [7, 3.5, 13, 4], "texture": "#2"},
				"west": {"uv": [2, 10, 3, 10.5], "texture": "#2"},
				"up": {"uv": [6, 1, 0, 0], "texture": "#2"},
				"down": {"uv": [6, 1, 0, 2], "texture": "#2"}
			}
		},
		{
			"from": [2, 0, 9],
			"to": [14, 1, 11],
			"faces": {
				"north": {"uv": [7, 4, 13, 4.5], "texture": "#2"},
				"east": {"uv": [3, 10, 4, 10.5], "texture": "#2"},
				"south": {"uv": [7, 4.5, 13, 5], "texture": "#2"},
				"west": {"uv": [4, 10, 5, 10.5], "texture": "#2"},
				"up": {"uv": [6, 3, 0, 2], "texture": "#2"},
				"down": {"uv": [6, 3, 0, 4], "texture": "#2"}
			}
		},
		{
			"from": [2, 0, 5],
			"to": [14, 1, 7],
			"faces": {
				"north": {"uv": [7, 5, 13, 5.5], "texture": "#2"},
				"east": {"uv": [5, 10, 6, 10.5], "texture": "#2"},
				"south": {"uv": [7, 5.5, 13, 6], "texture": "#2"},
				"west": {"uv": [6, 10, 7, 10.5], "texture": "#2"},
				"up": {"uv": [6, 5, 0, 4], "texture": "#2"},
				"down": {"uv": [6, 5, 0, 6], "texture": "#2"}
			}
		},
		{
			"from": [2, 0, 1],
			"to": [14, 1, 3],
			"faces": {
				"north": {"uv": [7, 6, 13, 6.5], "texture": "#2"},
				"east": {"uv": [7, 10, 8, 10.5], "texture": "#2"},
				"south": {"uv": [7, 6.5, 13, 7], "texture": "#2"},
				"west": {"uv": [10, 7, 11, 7.5], "texture": "#2"},
				"up": {"uv": [6, 7, 0, 6], "texture": "#2"},
				"down": {"uv": [12, 0, 6, 1], "texture": "#2"}
			}
		}
	],
	"gui_light": "front",
	"display": {
		"thirdperson_righthand": {
			"rotation": [90, 0, 0],
			"translation": [0, 2.25, 4.5],
			"scale": [0.6, 0.6, 0.6]
		},
		"thirdperson_lefthand": {
			"rotation": [90, 0, 0],
			"translation": [0, 2.25, 4.5],
			"scale": [0.6, 0.6, 0.6]
		},
		"firstperson_righthand": {
			"rotation": [50, 0, 75],
			"translation": [3, 0.5, -6]
		},
		"firstperson_lefthand": {
			"rotation": [50, 0, 75],
			"translation": [3, 0.5, -6]
		},
		"ground": {
			"translation": [0, 2.5, 0],
			"scale": [0.5, 0.5, 0.5]
		},
		"gui": {
			"rotation": [90, 0, 0]
		},
		"head": {
			"rotation": [90, 0, 0],
			"translation": [0, 0, 14.5]
		},
		"fixed": {
			"rotation": [-90, 0, 0],
			"translation": [0, 0, -8]
		}
	},
	"groups": [
		{
			"name": "rail",
			"origin": [8, 8, 8],
			"color": 0,
			"children": [
				{
					"name": "straight_rail",
					"origin": [8, 8, 8],
					"color": 0,
					"children": [0, 1]
				},
				{
					"name": "outer_turn_rail",
					"origin": [8, 8, 8],
					"color": 0,
					"children": [2, 3, 4, 5]
				},
				{
					"name": "inner_turn_rail",
					"origin": [8, 8, 8],
					"color": 0,
					"children": [6, 7, 8, 9]
				}
			]
		},
		{
			"name": "steps",
			"origin": [8, 8, 8],
			"color": 0,
			"children": [10, 11, 12, 13]
		}
	]
}