{
	"parent": "rays_3d_rails:block/iron/rail_powered_1_off",
	"textures": {
		"base_1": "rays_3d_rails:block/oak/base_4",
		"base_2": "rays_3d_rails:block/oak/base_3",
		"base_3": "rays_3d_rails:block/oak/base_2",
		"base_4": "rays_3d_rails:block/oak/base_1",
		"rail_1": "rays_3d_rails:block/iron/rail_2",
		"rail_2": "rays_3d_rails:block/iron/rail_4",
		"redstone_1": "rays_3d_rails:block/redstone/rail_2_on",
		"redstone_2": "rays_3d_rails:block/redstone/rail_4_on",
		"gold_1": "rays_3d_rails:block/copper/oxidized_rail_2",
		"gold_2": "rays_3d_rails:block/copper/oxidized_rail_4"
	}
}