{
    "credit": "Made by Create & xR4YM0ND",
	"parent": "block/block",
    "textures": {
        "0": "block/rays_powered_rail",
        "4": "create:block/cart_assembler_top",
		"5": "create:block/mechanical_bearing_side",
		"6": "create:block/cart_assembler_side_off",
		"particle": "create:block/cart_assembler_side",
		"translation_chassis_side": "create:block/cart_assembler_side"
    },
    "elements": [
        {
			"name": "Side",
			"from": [-2.05, -0.05, 0.95],
			"to": [2, 14.05, 15.05],
			"rotation": {"angle": 0, "axis": "y", "origin": [8, 8, 8]},
			"faces": {
				"north": {"uv": [11, 15, 15, 1], "texture": "#6"},
				"east": {"uv": [1, 15, 15, 1], "rotation": 90, "texture": "#translation_chassis_side"},
				"south": {"uv": [1, 15, 5, 1], "texture": "#6"},
				"west": {"uv": [1, 15, 15, 1], "rotation": 180, "texture": "#6"},
				"up": {"uv": [15, 5, 1, 1], "rotation": 90, "texture": "#6"},
				"down": {"uv": [1, 15, 15, 11], "rotation": 270, "texture": "#6"}
			}
		},
		{
			"name": "Side",
			"from": [14, -0.05, 0.95],
			"to": [18.05, 14.05, 15.05],
			"rotation": {"angle": 0, "axis": "y", "origin": [8, 8, 8]},
			"faces": {
				"north": {"uv": [15, 15, 11, 1], "texture": "#6"},
				"east": {"uv": [15, 15, 1, 1], "rotation": 180, "texture": "#6"},
				"south": {"uv": [5, 15, 1, 1], "texture": "#6"},
				"west": {"uv": [1, 1, 15, 15], "rotation": 90, "texture": "#translation_chassis_side"},
				"up": {"uv": [15, 1, 1, 5], "rotation": 90, "texture": "#6"},
				"down": {"uv": [1, 11, 15, 15], "rotation": 270, "texture": "#6"}
			}
		},
		{
			"from": [0, 12, 0],
			"to": [16, 16, 16],
			"rotation": {"angle": 0, "axis": "y", "origin": [8, 23, 8]},
			"faces": {
				"north": {"uv": [0, 0, 16, 4], "texture": "#5"},
				"east": {"uv": [0, 0, 16, 4], "texture": "#5"},
				"south": {"uv": [0, 0, 16, 4], "texture": "#5"},
				"west": {"uv": [0, 0, 16, 4], "texture": "#5"},
				"up": {"uv": [0, 0, 16, 16], "texture": "#4"},
				"down": {"uv": [0, 0, 16, 16], "texture": "#translation_chassis_side"}
			}
		},
		{
			"from": [3, 1, 0],
			"to": [4, 2, 16],
			"faces": {
				"north": {"uv": [13, 10, 13.5, 10.5], "texture": "#0"},
				"east": {"uv": [6, 1, 14, 1.5], "texture": "#0"},
				"south": {"uv": [13, 10.5, 13.5, 11], "texture": "#0"},
				"west": {"uv": [6, 1.5, 14, 2], "texture": "#0"},
				"up": {"uv": [6.5, 10, 6, 2], "texture": "#0"},
				"down": {"uv": [7, 2, 6.5, 10], "texture": "#0"}
			}
		},
		{
			"from": [12, 1, 0],
			"to": [13, 2, 16],
			"faces": {
				"north": {"uv": [11, 13, 11.5, 13.5], "texture": "#0"},
				"east": {"uv": [7, 2, 15, 2.5], "texture": "#0"},
				"south": {"uv": [13, 11, 13.5, 11.5], "texture": "#0"},
				"west": {"uv": [7, 2.5, 15, 3], "texture": "#0"},
				"up": {"uv": [0.5, 15, 0, 7], "texture": "#0"},
				"down": {"uv": [1, 7, 0.5, 15], "texture": "#0"}
			}
		},
		{
			"from": [2, 0, 1],
			"to": [14, 1, 3],
			"faces": {
				"north": {"uv": [7, 5, 13, 5.5], "texture": "#0"},
				"east": {"uv": [4, 11, 5, 11.5], "texture": "#0"},
				"south": {"uv": [7, 5.5, 13, 6], "texture": "#0"},
				"west": {"uv": [5, 11, 6, 11.5], "texture": "#0"},
				"up": {"uv": [6, 1, 0, 0], "texture": "#0"},
				"down": {"uv": [6, 1, 0, 2], "texture": "#0"}
			}
		},
		{
			"from": [2, 0, 5],
			"to": [14, 1, 7],
			"faces": {
				"north": {"uv": [7, 6, 13, 6.5], "texture": "#0"},
				"east": {"uv": [6, 11, 7, 11.5], "texture": "#0"},
				"south": {"uv": [7, 6.5, 13, 7], "texture": "#0"},
				"west": {"uv": [7, 11, 8, 11.5], "texture": "#0"},
				"up": {"uv": [6, 3, 0, 2], "texture": "#0"},
				"down": {"uv": [6, 3, 0, 4], "texture": "#0"}
			}
		},
		{
			"from": [2, 0, 9],
			"to": [14, 1, 11],
			"faces": {
				"north": {"uv": [7, 7, 13, 7.5], "texture": "#0"},
				"east": {"uv": [8, 11, 9, 11.5], "texture": "#0"},
				"south": {"uv": [7, 7.5, 13, 8], "texture": "#0"},
				"west": {"uv": [9, 11, 10, 11.5], "texture": "#0"},
				"up": {"uv": [6, 5, 0, 4], "texture": "#0"},
				"down": {"uv": [6, 5, 0, 6], "texture": "#0"}
			}
		},
		{
			"from": [2, 0, 13],
			"to": [14, 1, 15],
			"faces": {
				"north": {"uv": [7, 8, 13, 8.5], "texture": "#0"},
				"east": {"uv": [11, 9, 12, 9.5], "texture": "#0"},
				"south": {"uv": [7, 8.5, 13, 9], "texture": "#0"},
				"west": {"uv": [11, 9.5, 12, 10], "texture": "#0"},
				"up": {"uv": [6, 7, 0, 6], "texture": "#0"},
				"down": {"uv": [12, 0, 6, 1], "texture": "#0"}
			}
		},
		{
			"name": "flat",
			"from": [7, 0, 3],
			"to": [9, 0.5, 5],
			"faces": {
				"north": {"uv": [10, 11, 11, 11.5], "texture": "#0"},
				"east": {"uv": [11, 10, 12, 10.5], "texture": "#0"},
				"south": {"uv": [11, 10.5, 12, 11], "texture": "#0"},
				"west": {"uv": [11, 11, 12, 11.5], "texture": "#0"},
				"up": {"uv": [4, 8, 3, 7], "texture": "#0"},
				"down": {"uv": [5, 7, 4, 8], "texture": "#0"}
			}
		},
		{
			"name": "flat",
			"from": [7, 0, 7],
			"to": [9, 0.5, 9],
			"faces": {
				"north": {"uv": [4, 11.5, 5, 12], "texture": "#0"},
				"east": {"uv": [5, 11.5, 6, 12], "texture": "#0"},
				"south": {"uv": [6, 11.5, 7, 12], "texture": "#0"},
				"west": {"uv": [7, 11.5, 8, 12], "texture": "#0"},
				"up": {"uv": [6, 8, 5, 7], "texture": "#0"},
				"down": {"uv": [4, 8, 3, 9], "texture": "#0"}
			}
		},
		{
			"name": "flat",
			"from": [7, 0, 11],
			"to": [9, 0.5, 13],
			"faces": {
				"north": {"uv": [8, 11.5, 9, 12], "texture": "#0"},
				"east": {"uv": [9, 11.5, 10, 12], "texture": "#0"},
				"south": {"uv": [10, 11.5, 11, 12], "texture": "#0"},
				"west": {"uv": [11, 11.5, 12, 12], "texture": "#0"},
				"up": {"uv": [5, 9, 4, 8], "texture": "#0"},
				"down": {"uv": [6, 8, 5, 9], "texture": "#0"}
			}
		},
		{
			"name": "flat",
			"from": [7, 0, 15],
			"to": [9, 0.5, 15.8],
			"faces": {
				"north": {"uv": [12, 0, 13, 0.5], "texture": "#0"},
				"east": {"uv": [11.5, 13, 12, 13.5], "texture": "#0"},
				"south": {"uv": [12, 0.5, 13, 1], "texture": "#0"},
				"west": {"uv": [13, 11.5, 13.5, 12], "texture": "#0"},
				"up": {"uv": [4, 12.5, 3, 12], "texture": "#0"},
				"down": {"uv": [5, 12, 4, 12.5], "texture": "#0"}
			}
		},
		{
			"name": "flat",
			"from": [7, 0, 15.8],
			"to": [9, 0.3, 16],
			"faces": {
				"north": {"uv": [5, 12, 6, 12.5], "texture": "#0"},
				"east": {"uv": [12, 13, 12.5, 13.5], "texture": "#0"},
				"south": {"uv": [6, 12, 7, 12.5], "texture": "#0"},
				"west": {"uv": [13, 12, 13.5, 12.5], "texture": "#0"},
				"up": {"uv": [8, 12.5, 7, 12], "texture": "#0"},
				"down": {"uv": [9, 12, 8, 12.5], "texture": "#0"}
			}
		},
		{
			"name": "flat",
			"from": [7, 0, 0.2],
			"to": [9, 0.5, 1],
			"faces": {
				"north": {"uv": [9, 12, 10, 12.5], "texture": "#0"},
				"east": {"uv": [12.5, 13, 13, 13.5], "texture": "#0"},
				"south": {"uv": [12, 9, 13, 9.5], "texture": "#0"},
				"west": {"uv": [13, 12.5, 13.5, 13], "texture": "#0"},
				"up": {"uv": [13, 10, 12, 9.5], "texture": "#0"},
				"down": {"uv": [11, 12, 10, 12.5], "texture": "#0"}
			}
		},
		{
			"name": "flat",
			"from": [7, 0, 0],
			"to": [9, 0.3, 0.2],
			"faces": {
				"north": {"uv": [12, 10, 13, 10.5], "texture": "#0"},
				"east": {"uv": [13, 13, 13.5, 13.5], "texture": "#0"},
				"south": {"uv": [12, 10.5, 13, 11], "texture": "#0"},
				"west": {"uv": [3, 13.5, 3.5, 14], "texture": "#0"},
				"up": {"uv": [12, 12.5, 11, 12], "texture": "#0"},
				"down": {"uv": [13, 11, 12, 11.5], "texture": "#0"}
			}
		},
		{
			"name": "over",
			"from": [4, 1, 1],
			"to": [6, 1.1, 3],
			"faces": {
				"north": {"uv": [12, 11.5, 13, 12], "texture": "#0"},
				"east": {"uv": [12, 12, 13, 12.5], "texture": "#0"},
				"south": {"uv": [3, 12.5, 4, 13], "texture": "#0"},
				"west": {"uv": [4, 12.5, 5, 13], "texture": "#0"},
				"up": {"uv": [4, 10, 3, 9], "texture": "#0"},
				"down": {"uv": [5, 9, 4, 10], "texture": "#0"}
			}
		},
		{
			"name": "over",
			"from": [4, 1, 5],
			"to": [6, 1.1, 7],
			"faces": {
				"north": {"uv": [5, 12.5, 6, 13], "texture": "#0"},
				"east": {"uv": [6, 12.5, 7, 13], "texture": "#0"},
				"south": {"uv": [7, 12.5, 8, 13], "texture": "#0"},
				"west": {"uv": [8, 12.5, 9, 13], "texture": "#0"},
				"up": {"uv": [6, 10, 5, 9], "texture": "#0"},
				"down": {"uv": [8, 9, 7, 10], "texture": "#0"}
			}
		},
		{
			"name": "over",
			"from": [4, 1, 9],
			"to": [6, 1.1, 11],
			"faces": {
				"north": {"uv": [9, 12.5, 10, 13], "texture": "#0"},
				"east": {"uv": [10, 12.5, 11, 13], "texture": "#0"},
				"south": {"uv": [11, 12.5, 12, 13], "texture": "#0"},
				"west": {"uv": [12, 12.5, 13, 13], "texture": "#0"},
				"up": {"uv": [9, 10, 8, 9], "texture": "#0"},
				"down": {"uv": [10, 9, 9, 10], "texture": "#0"}
			}
		},
		{
			"name": "over",
			"from": [4, 1, 13],
			"to": [6, 1.1, 15],
			"faces": {
				"north": {"uv": [13, 0, 14, 0.5], "texture": "#0"},
				"east": {"uv": [13, 0.5, 14, 1], "texture": "#0"},
				"south": {"uv": [3, 13, 4, 13.5], "texture": "#0"},
				"west": {"uv": [4, 13, 5, 13.5], "texture": "#0"},
				"up": {"uv": [4, 11, 3, 10], "texture": "#0"},
				"down": {"uv": [5, 10, 4, 11], "texture": "#0"}
			}
		},
		{
			"name": "over",
			"from": [10, 1, 13],
			"to": [12, 1.1, 15],
			"faces": {
				"north": {"uv": [5, 13, 6, 13.5], "texture": "#0"},
				"east": {"uv": [13, 5, 14, 5.5], "texture": "#0"},
				"south": {"uv": [13, 5.5, 14, 6], "texture": "#0"},
				"west": {"uv": [6, 13, 7, 13.5], "texture": "#0"},
				"up": {"uv": [6, 11, 5, 10], "texture": "#0"},
				"down": {"uv": [7, 10, 6, 11], "texture": "#0"}
			}
		},
		{
			"name": "over",
			"from": [10, 1, 9],
			"to": [12, 1.1, 11],
			"faces": {
				"north": {"uv": [13, 6, 14, 6.5], "texture": "#0"},
				"east": {"uv": [13, 6.5, 14, 7], "texture": "#0"},
				"south": {"uv": [7, 13, 8, 13.5], "texture": "#0"},
				"west": {"uv": [13, 7, 14, 7.5], "texture": "#0"},
				"up": {"uv": [8, 11, 7, 10], "texture": "#0"},
				"down": {"uv": [9, 10, 8, 11], "texture": "#0"}
			}
		},
		{
			"name": "over",
			"from": [10, 1, 5],
			"to": [12, 1.1, 7],
			"faces": {
				"north": {"uv": [13, 7.5, 14, 8], "texture": "#0"},
				"east": {"uv": [8, 13, 9, 13.5], "texture": "#0"},
				"south": {"uv": [13, 8, 14, 8.5], "texture": "#0"},
				"west": {"uv": [13, 8.5, 14, 9], "texture": "#0"},
				"up": {"uv": [10, 11, 9, 10], "texture": "#0"},
				"down": {"uv": [11, 9, 10, 10], "texture": "#0"}
			}
		},
		{
			"name": "over",
			"from": [10, 1, 1],
			"to": [12, 1.1, 3],
			"faces": {
				"north": {"uv": [9, 13, 10, 13.5], "texture": "#0"},
				"east": {"uv": [13, 9, 14, 9.5], "texture": "#0"},
				"south": {"uv": [13, 9.5, 14, 10], "texture": "#0"},
				"west": {"uv": [10, 13, 11, 13.5], "texture": "#0"},
				"up": {"uv": [11, 11, 10, 10], "texture": "#0"},
				"down": {"uv": [4, 11, 3, 12], "texture": "#0"}
			}
		},
		{
			"from": [11, 1, 0],
			"to": [11.7, 1.7, 16],
			"faces": {
				"north": {"uv": [3.5, 13.5, 4, 14], "texture": "#0"},
				"east": {"uv": [7, 3, 15, 3.5], "texture": "#0"},
				"south": {"uv": [4, 13.5, 4.5, 14], "texture": "#0"},
				"west": {"uv": [7, 3.5, 15, 4], "texture": "#0"},
				"up": {"uv": [1.5, 15, 1, 7], "texture": "#0"},
				"down": {"uv": [2, 7, 1.5, 15], "texture": "#0"}
			}
		},
		{
			"from": [4.3, 1, 0],
			"to": [5, 1.7, 16],
			"faces": {
				"north": {"uv": [4.5, 13.5, 5, 14], "texture": "#0"},
				"east": {"uv": [7, 4, 15, 4.5], "texture": "#0"},
				"south": {"uv": [5, 13.5, 5.5, 14], "texture": "#0"},
				"west": {"uv": [7, 4.5, 15, 5], "texture": "#0"},
				"up": {"uv": [2.5, 15, 2, 7], "texture": "#0"},
				"down": {"uv": [3, 7, 2.5, 15], "texture": "#0"}
			}
		}
	],
    "display": {
		"thirdperson_righthand": {
			"rotation": [75, 45, 0],
			"translation": [0, 2.5, 0],
			"scale": [0.375, 0.375, 0.375]
		},
		"thirdperson_lefthand": {
			"rotation": [75, 45, 0],
			"translation": [0, 2.5, 0],
			"scale": [0.375, 0.375, 0.375]
		},
		"firstperson_righthand": {
			"rotation": [0, 45, 0],
			"scale": [0.4, 0.4, 0.4]
		},
		"firstperson_lefthand": {
			"rotation": [0, 225, 0],
			"scale": [0.4, 0.4, 0.4]
		},
		"ground": {
			"translation": [0, 3, 0],
			"scale": [0.25, 0.25, 0.25]
		},
		"gui": {
			"rotation": [30, 225, 0],
			"scale": [0.625, 0.625, 0.625]
		},
		"fixed": {
			"scale": [0.5, 0.5, 0.5]
		}
	}
}