{
	"parent": "rays_3d_rails:block/iron/rail_powered_raised_sw_1_off",
	"textures": {
		"base_1": "rays_3d_rails:block/oak/base_4",
		"base_2": "rays_3d_rails:block/oak/base_3",
		"base_3": "rays_3d_rails:block/oak/base_2",
		"base_4": "rays_3d_rails:block/oak/base_1",
		"iron_1": "rays_3d_rails:block/iron/rail_raised_2",
		"iron_2": "rays_3d_rails:block/iron/rail_raised_4",
		"redstone_1": "rays_3d_rails:block/redstone/rail_raised_2_off",
		"redstone_2": "rays_3d_rails:block/redstone/rail_raised_4_off",
		"gold_1": "rays_3d_rails:block/gold/rail_raised_2",
		"gold_2": "rays_3d_rails:block/gold/rail_raised_4"
	}
}