{
	"credit": "Made with Blockbench",
	"texture_size": [32, 32],
	"textures": {
		"1": "moreminecarts:block/rays_wooden_parallel_rail",
		"particle": "moreminecarts:block/rays_wooden_parallel_rail"
	},
	"elements": [
		{
			"from": [12, 1, 0],
			"to": [13, 2, 16],
			"faces": {
				"north": {"uv": [10, 10, 10.5, 10.5], "texture": "#1"},
				"east": {"uv": [0, 6, 8, 6.5], "texture": "#1"},
				"south": {"uv": [4, 10.5, 4.5, 11], "texture": "#1"},
				"west": {"uv": [6, 0, 14, 0.5], "texture": "#1"},
				"up": {"uv": [0.5, 14.5, 0, 6.5], "texture": "#1"},
				"down": {"uv": [1, 6.5, 0.5, 14.5], "texture": "#1"}
			}
		},
		{
			"from": [3, 1, 0],
			"to": [4, 2, 16],
			"faces": {
				"north": {"uv": [4.5, 10.5, 5, 11], "texture": "#1"},
				"east": {"uv": [6, 0.5, 14, 1], "texture": "#1"},
				"south": {"uv": [5, 10.5, 5.5, 11], "texture": "#1"},
				"west": {"uv": [6, 1, 14, 1.5], "texture": "#1"},
				"up": {"uv": [1.5, 14.5, 1, 6.5], "texture": "#1"},
				"down": {"uv": [2, 6.5, 1.5, 14.5], "texture": "#1"}
			}
		},
		{
			"from": [2, 0, 1],
			"to": [14, 1, 4],
			"faces": {
				"north": {"uv": [6, 5, 12, 5.5], "texture": "#1"},
				"east": {"uv": [9, 7.5, 10.5, 8], "texture": "#1"},
				"south": {"uv": [6, 5.5, 12, 6], "texture": "#1"},
				"west": {"uv": [8.5, 9, 10, 9.5], "texture": "#1"},
				"up": {"uv": [6, 1.5, 0, 0], "texture": "#1"},
				"down": {"uv": [6, 1.5, 0, 3], "texture": "#1"}
			}
		},
		{
			"from": [2, 0, 12],
			"to": [14, 1, 15],
			"faces": {
				"north": {"uv": [8, 6, 14, 6.5], "texture": "#1"},
				"east": {"uv": [4, 9.5, 5.5, 10], "texture": "#1"},
				"south": {"uv": [6.5, 8, 12.5, 8.5], "texture": "#1"},
				"west": {"uv": [8.5, 9.5, 10, 10], "texture": "#1"},
				"up": {"uv": [6, 4.5, 0, 3], "texture": "#1"},
				"down": {"uv": [6, 4.5, 0, 6], "texture": "#1"}
			}
		},
		{
			"from": [2, 0, 6],
			"to": [7, 1, 9],
			"faces": {
				"north": {"uv": [8.5, 3.5, 11, 4], "texture": "#1"},
				"east": {"uv": [4, 10, 5.5, 10.5], "texture": "#1"},
				"south": {"uv": [8.5, 4, 11, 4.5], "texture": "#1"},
				"west": {"uv": [8.5, 10, 10, 10.5], "texture": "#1"},
				"up": {"uv": [8.5, 5, 6, 3.5], "texture": "#1"},
				"down": {"uv": [6.5, 6.5, 4, 8], "texture": "#1"}
			}
		},
		{
			"from": [7, 0, 6],
			"to": [9, 1, 10],
			"faces": {
				"north": {"uv": [5.5, 9.5, 6.5, 10], "texture": "#1"},
				"east": {"uv": [9, 6.5, 11, 7], "texture": "#1"},
				"south": {"uv": [5.5, 10, 6.5, 10.5], "texture": "#1"},
				"west": {"uv": [9, 7, 11, 7.5], "texture": "#1"},
				"up": {"uv": [7.5, 10.5, 6.5, 8.5], "texture": "#1"},
				"down": {"uv": [8.5, 8.5, 7.5, 10.5], "texture": "#1"}
			}
		},
		{
			"from": [9, 0, 7],
			"to": [14, 1, 10],
			"faces": {
				"north": {"uv": [8.5, 4.5, 11, 5], "texture": "#1"},
				"east": {"uv": [10, 9, 11.5, 9.5], "texture": "#1"},
				"south": {"uv": [8.5, 8.5, 11, 9], "texture": "#1"},
				"west": {"uv": [10, 9.5, 11.5, 10], "texture": "#1"},
				"up": {"uv": [9, 8, 6.5, 6.5], "texture": "#1"},
				"down": {"uv": [6.5, 8, 4, 9.5], "texture": "#1"}
			}
		},
		{
			"from": [2.15, 0.15, 0],
			"to": [2.85, 0.85, 16],
			"faces": {
				"north": {"uv": [5.5, 10.5, 6, 11], "texture": "#1"},
				"east": {"uv": [6, 1.5, 14, 2], "texture": "#1"},
				"south": {"uv": [6, 10.5, 6.5, 11], "texture": "#1"},
				"west": {"uv": [6, 2, 14, 2.5], "texture": "#1"},
				"up": {"uv": [2.5, 14.5, 2, 6.5], "texture": "#1"},
				"down": {"uv": [3, 6.5, 2.5, 14.5], "texture": "#1"}
			}
		},
		{
			"from": [13.15, 0.15, 0],
			"to": [13.85, 0.85, 16],
			"faces": {
				"north": {"uv": [6.5, 10.5, 7, 11], "texture": "#1"},
				"east": {"uv": [6, 2.5, 14, 3], "texture": "#1"},
				"south": {"uv": [7, 10.5, 7.5, 11], "texture": "#1"},
				"west": {"uv": [6, 3, 14, 3.5], "texture": "#1"},
				"up": {"uv": [3.5, 14.5, 3, 6.5], "texture": "#1"},
				"down": {"uv": [4, 6.5, 3.5, 14.5], "texture": "#1"}
			}
		}
	],
	"gui_light": "front",
	"display": {
		"thirdperson_righthand": {
			"rotation": [90, 0, 0],
			"translation": [0, 2.25, 4.5],
			"scale": [0.6, 0.6, 0.6]
		},
		"thirdperson_lefthand": {
			"rotation": [90, 0, 0],
			"translation": [0, 2.25, 4.5],
			"scale": [0.6, 0.6, 0.6]
		},
		"firstperson_righthand": {
			"rotation": [50, 0, 75],
			"translation": [3, 0.5, -6]
		},
		"firstperson_lefthand": {
			"rotation": [50, 0, 75],
			"translation": [3, 0.5, -6]
		},
		"ground": {
			"translation": [0, 2.5, 0],
			"scale": [0.5, 0.5, 0.5]
		},
		"gui": {
			"rotation": [90, 0, 0]
		},
		"head": {
			"rotation": [90, 0, 0],
			"translation": [0, 0, 14.5]
		},
		"fixed": {
			"rotation": [-90, 0, 0],
			"translation": [0, 0, -8]
		}
	},
	"groups": [
		{
			"name": "rail",
			"origin": [8, 8, 8],
			"color": 0,
			"children": [0, 1]
		},
		{
			"name": "steps",
			"origin": [8, 8, 8],
			"color": 0,
			"children": [2, 3, 4, 5, 6]
		},
		{
			"name": "extras",
			"origin": [8, 8, 8],
			"color": 0,
			"children": [7, 8]
		}
	]
}