{
	"credit": "Made with Blockbench, by xR4YM0ND",
	"render_type": "translucent",
	"texture_size": [32, 32],
	"textures": {
		"1": "moreminecarts:block/rays_hologram_rail_raised_sw",
		"particle": "moreminecarts:block/rays_hologram_rail_raised_sw"
	},
	"elements": [
		{
			"name": "base",
			"from": [12.002, 8.8557, -3.66734],
			"to": [12.998, 9.8517, 18.96066],
			"rotation": {"angle": -45, "axis": "x", "origin": [12.5, 9.35375, 7.64666]},
			"faces": {
				"north": {"uv": [2, 2, 2.5, 2.5], "texture": "#1"},
				"east": {"uv": [0, 0, 11.5, 0.5], "texture": "#1"},
				"south": {"uv": [2, 2.5, 2.5, 3], "texture": "#1"},
				"west": {"uv": [0, 0.5, 11.5, 1], "texture": "#1"},
				"up": {"uv": [0.5, 12.5, 0, 1], "texture": "#1"},
				"down": {"uv": [1, 1, 0.5, 12.5], "texture": "#1"}
			}
		},
		{
			"name": "base_extension",
			"from": [12.004, 17.40307, 15.41942],
			"to": [12.996, 17.92907, 15.83302],
			"rotation": {"angle": -45, "axis": "x", "origin": [12.5, 17.66707, 15.62622]},
			"faces": {
				"north": {"uv": [2.5, 2, 3, 2.5], "texture": "#1"},
				"east": {"uv": [2.5, 2.5, 3, 3], "texture": "#1"},
				"south": {"uv": [2, 3, 2.5, 3.5], "texture": "#1"},
				"west": {"uv": [3, 2, 3.5, 2.5], "texture": "#1"},
				"up": {"uv": [3, 3.5, 2.5, 3], "texture": "#1"},
				"down": {"uv": [3.5, 2.5, 3, 3], "texture": "#1"}
			}
		},
		{
			"name": "base_flat",
			"from": [12.006, 17.006, 15.586],
			"to": [12.994, 17.994, 16],
			"rotation": {"angle": 0, "axis": "x", "origin": [12.5, 17.5, 15.793]},
			"faces": {
				"north": {"uv": [3, 3, 3.5, 3.5], "texture": "#1"},
				"east": {"uv": [2, 3.5, 2.5, 4], "texture": "#1"},
				"south": {"uv": [3.5, 2, 4, 2.5], "texture": "#1"},
				"west": {"uv": [2.5, 3.5, 3, 4], "texture": "#1"},
				"up": {"uv": [4, 3, 3.5, 2.5], "texture": "#1"},
				"down": {"uv": [3.5, 3.5, 3, 4], "texture": "#1"}
			}
		},
		{
			"name": "base",
			"from": [3.002, 8.8557, -3.6673],
			"to": [3.998, 9.8517, 18.9607],
			"rotation": {"angle": -45, "axis": "x", "origin": [3.5, 9.35371, 7.6467]},
			"faces": {
				"north": {"uv": [3.5, 3, 4, 3.5], "texture": "#1"},
				"east": {"uv": [1, 1, 12.5, 1.5], "texture": "#1"},
				"south": {"uv": [3.5, 3.5, 4, 4], "texture": "#1"},
				"west": {"uv": [1, 1.5, 12.5, 2], "texture": "#1"},
				"up": {"uv": [1.5, 13.5, 1, 2], "texture": "#1"},
				"down": {"uv": [2, 2, 1.5, 13.5], "texture": "#1"}
			}
		},
		{
			"name": "base_extension",
			"from": [3.004, 17.40307, 15.41942],
			"to": [3.996, 17.92907, 15.83302],
			"rotation": {"angle": -45, "axis": "x", "origin": [3.5, 17.66707, 15.62622]},
			"faces": {
				"north": {"uv": [2, 4, 2.5, 4.5], "texture": "#1"},
				"east": {"uv": [4, 2, 4.5, 2.5], "texture": "#1"},
				"south": {"uv": [2.5, 4, 3, 4.5], "texture": "#1"},
				"west": {"uv": [4, 2.5, 4.5, 3], "texture": "#1"},
				"up": {"uv": [3.5, 4.5, 3, 4], "texture": "#1"},
				"down": {"uv": [4.5, 3, 4, 3.5], "texture": "#1"}
			}
		},
		{
			"name": "base_flat",
			"from": [3.006, 17.006, 15.586],
			"to": [3.994, 17.994, 16],
			"rotation": {"angle": 0, "axis": "x", "origin": [3.5, 17.5, 15.793]},
			"faces": {
				"north": {"uv": [3.5, 4, 4, 4.5], "texture": "#1"},
				"east": {"uv": [4, 3.5, 4.5, 4], "texture": "#1"},
				"south": {"uv": [4, 4, 4.5, 4.5], "texture": "#1"},
				"west": {"uv": [2, 4.5, 2.5, 5], "texture": "#1"},
				"up": {"uv": [5, 2.5, 4.5, 2], "texture": "#1"},
				"down": {"uv": [3, 4.5, 2.5, 5], "texture": "#1"}
			}
		}
	],
	"groups": [
		{
			"name": "rail_left",
			"origin": [8, 8, 8],
			"color": 0,
			"children": [0, 1, 2]
		},
		{
			"name": "rail_right",
			"origin": [8, 8, 8],
			"color": 0,
			"children": [3, 4, 5]
		}
	]
}