{
	"credit": "Made with Blockbench, by xR4YM0ND",
	"texture_size": [32, 32],
	"textures": {
		"1": "moreminecarts:block/rays_locking_powered_rail_inverted_on",
		"particle": "moreminecarts:block/rays_locking_powered_rail_inverted_on"
	},
	"elements": [
		{
			"from": [2.996, 1, 0],
			"to": [4.004, 2, 16],
			"faces": {
				"north": {"uv": [6, 11, 6.5, 11.5], "texture": "#1"},
				"east": {"uv": [0, 4, 8, 4.5], "texture": "#1"},
				"south": {"uv": [6.5, 11, 7, 11.5], "texture": "#1"},
				"west": {"uv": [0, 4.5, 8, 5], "texture": "#1"},
				"up": {"uv": [0.5, 13, 0, 5], "texture": "#1"},
				"down": {"uv": [1, 5, 0.5, 13], "texture": "#1"}
			}
		},
		{
			"from": [11.996, 1, 0],
			"to": [13.004, 2, 16],
			"faces": {
				"north": {"uv": [8.5, 11, 9, 11.5], "texture": "#1"},
				"east": {"uv": [1, 5, 9, 5.5], "texture": "#1"},
				"south": {"uv": [11, 9, 11.5, 9.5], "texture": "#1"},
				"west": {"uv": [1, 5.5, 9, 6], "texture": "#1"},
				"up": {"uv": [1.5, 14, 1, 6], "texture": "#1"},
				"down": {"uv": [2, 6, 1.5, 14], "texture": "#1"}
			}
		},
		{
			"from": [2, 0, 3],
			"to": [14, 1, 5],
			"faces": {
				"north": {"uv": [6, 6, 12, 6.5], "texture": "#1"},
				"east": {"uv": [10.5, 10, 11.5, 10.5], "texture": "#1"},
				"south": {"uv": [6, 6.5, 12, 7], "texture": "#1"},
				"west": {"uv": [10.5, 10.5, 11.5, 11], "texture": "#1"},
				"up": {"uv": [6, 1, 0, 0], "texture": "#1"},
				"down": {"uv": [6, 1, 0, 2], "texture": "#1"}
			}
		},
		{
			"from": [2, 0, 11],
			"to": [14, 1, 13],
			"faces": {
				"north": {"uv": [6, 7, 12, 7.5], "texture": "#1"},
				"east": {"uv": [11, 4, 12, 4.5], "texture": "#1"},
				"south": {"uv": [6, 7.5, 12, 8], "texture": "#1"},
				"west": {"uv": [11, 4.5, 12, 5], "texture": "#1"},
				"up": {"uv": [6, 3, 0, 2], "texture": "#1"},
				"down": {"uv": [6, 3, 0, 4], "texture": "#1"}
			}
		},
		{
			"from": [10.996, 1, 0],
			"to": [11.704, 1.7, 16],
			"faces": {
				"north": {"uv": [11, 9.5, 11.5, 10], "texture": "#1"},
				"east": {"uv": [6, 0, 14, 0.5], "texture": "#1"},
				"south": {"uv": [10.5, 11, 11, 11.5], "texture": "#1"},
				"west": {"uv": [6, 0.5, 14, 1], "texture": "#1"},
				"up": {"uv": [2.5, 14, 2, 6], "texture": "#1"},
				"down": {"uv": [3, 6, 2.5, 14], "texture": "#1"}
			}
		},
		{
			"from": [4.296, 1, 0],
			"to": [5.004, 1.7, 16],
			"faces": {
				"north": {"uv": [11, 11, 11.5, 11.5], "texture": "#1"},
				"east": {"uv": [6, 1, 14, 1.5], "texture": "#1"},
				"south": {"uv": [6, 11.5, 6.5, 12], "texture": "#1"},
				"west": {"uv": [6, 1.5, 14, 2], "texture": "#1"},
				"up": {"uv": [3.5, 14, 3, 6], "texture": "#1"},
				"down": {"uv": [4, 6, 3.5, 14], "texture": "#1"}
			}
		},
		{
			"from": [2.15, 0.15, 0],
			"to": [2.85, 0.85, 16],
			"faces": {
				"north": {"uv": [6.5, 11.5, 7, 12], "texture": "#1"},
				"east": {"uv": [6, 2, 14, 2.5], "texture": "#1"},
				"south": {"uv": [8.5, 11.5, 9, 12], "texture": "#1"},
				"west": {"uv": [6, 2.5, 14, 3], "texture": "#1"},
				"up": {"uv": [4.5, 14, 4, 6], "texture": "#1"},
				"down": {"uv": [5, 6, 4.5, 14], "texture": "#1"}
			}
		},
		{
			"from": [13.15, 0.15, 0],
			"to": [13.85, 0.85, 16],
			"faces": {
				"north": {"uv": [11.5, 9, 12, 9.5], "texture": "#1"},
				"east": {"uv": [6, 3, 14, 3.5], "texture": "#1"},
				"south": {"uv": [9.5, 11.5, 10, 12], "texture": "#1"},
				"west": {"uv": [6, 3.5, 14, 4], "texture": "#1"},
				"up": {"uv": [5.5, 14, 5, 6], "texture": "#1"},
				"down": {"uv": [6, 6, 5.5, 14], "texture": "#1"}
			}
		},
		{
			"from": [2.8, 1, 2],
			"to": [3, 2, 5],
			"faces": {
				"north": {"uv": [11.5, 9.5, 12, 10], "texture": "#1"},
				"east": {"uv": [8, 4, 9.5, 4.5], "texture": "#1"},
				"south": {"uv": [10, 11.5, 10.5, 12], "texture": "#1"},
				"west": {"uv": [8, 4.5, 9.5, 5], "texture": "#1"},
				"up": {"uv": [6.5, 9.5, 6, 8], "texture": "#1"},
				"down": {"uv": [7, 8, 6.5, 9.5], "texture": "#1"}
			}
		},
		{
			"from": [4, 1, 2],
			"to": [4.2, 2, 5],
			"faces": {
				"north": {"uv": [11.5, 10, 12, 10.5], "texture": "#1"},
				"east": {"uv": [7, 8, 8.5, 8.5], "texture": "#1"},
				"south": {"uv": [10.5, 11.5, 11, 12], "texture": "#1"},
				"west": {"uv": [7, 8.5, 8.5, 9], "texture": "#1"},
				"up": {"uv": [9, 9.5, 8.5, 8], "texture": "#1"},
				"down": {"uv": [7.5, 9, 7, 10.5], "texture": "#1"}
			}
		},
		{
			"from": [4, 1, 11],
			"to": [4.2, 2, 14],
			"faces": {
				"north": {"uv": [11.5, 10.5, 12, 11], "texture": "#1"},
				"east": {"uv": [9, 5, 10.5, 5.5], "texture": "#1"},
				"south": {"uv": [11, 11.5, 11.5, 12], "texture": "#1"},
				"west": {"uv": [9, 5.5, 10.5, 6], "texture": "#1"},
				"up": {"uv": [8, 10.5, 7.5, 9], "texture": "#1"},
				"down": {"uv": [8.5, 9, 8, 10.5], "texture": "#1"}
			}
		},
		{
			"from": [2.8, 1, 11],
			"to": [3, 2, 14],
			"faces": {
				"north": {"uv": [11.5, 11, 12, 11.5], "texture": "#1"},
				"east": {"uv": [9, 8, 10.5, 8.5], "texture": "#1"},
				"south": {"uv": [11.5, 11.5, 12, 12], "texture": "#1"},
				"west": {"uv": [9, 8.5, 10.5, 9], "texture": "#1"},
				"up": {"uv": [9.5, 10.5, 9, 9], "texture": "#1"},
				"down": {"uv": [6.5, 9.5, 6, 11], "texture": "#1"}
			}
		},
		{
			"from": [13, 1, 2],
			"to": [13.2, 2, 5],
			"faces": {
				"north": {"uv": [12, 4, 12.5, 4.5], "texture": "#1"},
				"east": {"uv": [9.5, 4, 11, 4.5], "texture": "#1"},
				"south": {"uv": [12, 4.5, 12.5, 5], "texture": "#1"},
				"west": {"uv": [9.5, 4.5, 11, 5], "texture": "#1"},
				"up": {"uv": [7, 11, 6.5, 9.5], "texture": "#1"},
				"down": {"uv": [9, 9.5, 8.5, 11], "texture": "#1"}
			}
		},
		{
			"from": [11.8, 1, 2],
			"to": [12, 2, 5],
			"faces": {
				"north": {"uv": [12, 5, 12.5, 5.5], "texture": "#1"},
				"east": {"uv": [9.5, 9, 11, 9.5], "texture": "#1"},
				"south": {"uv": [12, 5.5, 12.5, 6], "texture": "#1"},
				"west": {"uv": [9.5, 9.5, 11, 10], "texture": "#1"},
				"up": {"uv": [10, 11.5, 9.5, 10], "texture": "#1"},
				"down": {"uv": [10.5, 10, 10, 11.5], "texture": "#1"}
			}
		},
		{
			"from": [13, 1, 11],
			"to": [13.2, 2, 14],
			"faces": {
				"north": {"uv": [6, 12, 6.5, 12.5], "texture": "#1"},
				"east": {"uv": [10.5, 5, 12, 5.5], "texture": "#1"},
				"south": {"uv": [12, 6, 12.5, 6.5], "texture": "#1"},
				"west": {"uv": [10.5, 5.5, 12, 6], "texture": "#1"},
				"up": {"uv": [7.5, 12, 7, 10.5], "texture": "#1"},
				"down": {"uv": [8, 10.5, 7.5, 12], "texture": "#1"}
			}
		},
		{
			"from": [11.8, 1, 11],
			"to": [12, 2, 14],
			"faces": {
				"north": {"uv": [6.5, 12, 7, 12.5], "texture": "#1"},
				"east": {"uv": [10.5, 8, 12, 8.5], "texture": "#1"},
				"south": {"uv": [12, 6.5, 12.5, 7], "texture": "#1"},
				"west": {"uv": [10.5, 8.5, 12, 9], "texture": "#1"},
				"up": {"uv": [8.5, 12, 8, 10.5], "texture": "#1"},
				"down": {"uv": [9.5, 10.5, 9, 12], "texture": "#1"}
			}
		}
	],
	"display": {
		"ground": {
			"translation": [0, 2.5, 0],
			"scale": [0.5, 0.5, 0.5]
		}
	},
	"groups": [
		{
			"name": "rail",
			"origin": [8, 8, 8],
			"color": 0,
			"children": [0, 1]
		},
		{
			"name": "steps",
			"origin": [8, 8, 8],
			"color": 0,
			"children": [2, 3]
		},
		{
			"name": "powered_rail",
			"origin": [8, 8, 8],
			"color": 0,
			"children": [4, 5]
		},
		{
			"name": "extras",
			"origin": [8, 8, 8],
			"color": 0,
			"children": [6, 7]
		},
		{
			"name": "brakes",
			"origin": [8, 8, 8],
			"color": 0,
			"children": [
				{
					"name": "left_top",
					"origin": [8, 8, 8],
					"color": 0,
					"children": [8, 9]
				},
				{
					"name": "left_bottom",
					"origin": [8, 8, 8],
					"color": 0,
					"children": [10, 11]
				},
				{
					"name": "right_top",
					"origin": [8, 8, 8],
					"color": 0,
					"children": [12, 13]
				},
				{
					"name": "right_bottom",
					"origin": [8, 8, 8],
					"color": 0,
					"children": [14, 15]
				}
			]
		}
	]
}