{
	"parent": "rays_3d_rails:block/iron/rail_powered_raised_ne_1_off",
	"textures": {
		"base_1": "rays_3d_rails:block/oak/base_3",
		"base_2": "rays_3d_rails:block/oak/base_1",
		"base_3": "rays_3d_rails:block/oak/base_4",
		"base_4": "rays_3d_rails:block/oak/base_2",
		"iron_1": "rays_3d_rails:block/iron/rail_raised_4",
		"iron_2": "rays_3d_rails:block/iron/rail_raised_3",
		"gold_1": "rays_3d_rails:block/gold/rail_raised_4",
		"gold_2": "rays_3d_rails:block/gold/rail_raised_3"
	}
}