{
    "credit": "Made by Create & xR4YM0ND",
	"parent": "block/block",
    "textures": {
        "0": "block/rays_detector_rail",
        "4": "create:block/cart_assembler_top",
		"5": "create:block/mechanical_bearing_side",
		"6": "create:block/cart_assembler_side_off",
		"particle": "create:block/cart_assembler_side",
		"translation_chassis_side": "create:block/cart_assembler_side"
    },
    "elements": [
        {
			"name": "Side",
			"from": [-2.05, -0.05, 0.95],
			"to": [2, 14.05, 15.05],
			"rotation": {"angle": 0, "axis": "y", "origin": [8, 8, 8]},
			"faces": {
				"north": {"uv": [11, 15, 15, 1], "texture": "#6"},
				"east": {"uv": [1, 15, 15, 1], "rotation": 90, "texture": "#translation_chassis_side"},
				"south": {"uv": [1, 15, 5, 1], "texture": "#6"},
				"west": {"uv": [1, 15, 15, 1], "rotation": 180, "texture": "#6"},
				"up": {"uv": [15, 5, 1, 1], "rotation": 90, "texture": "#6"},
				"down": {"uv": [1, 15, 15, 11], "rotation": 270, "texture": "#6"}
			}
		},
		{
			"name": "Side",
			"from": [14, -0.05, 0.95],
			"to": [18.05, 14.05, 15.05],
			"rotation": {"angle": 0, "axis": "y", "origin": [8, 8, 8]},
			"faces": {
				"north": {"uv": [15, 15, 11, 1], "texture": "#6"},
				"east": {"uv": [15, 15, 1, 1], "rotation": 180, "texture": "#6"},
				"south": {"uv": [5, 15, 1, 1], "texture": "#6"},
				"west": {"uv": [1, 1, 15, 15], "rotation": 90, "texture": "#translation_chassis_side"},
				"up": {"uv": [15, 1, 1, 5], "rotation": 90, "texture": "#6"},
				"down": {"uv": [1, 11, 15, 15], "rotation": 270, "texture": "#6"}
			}
		},
		{
			"from": [0, 12, 0],
			"to": [16, 16, 16],
			"rotation": {"angle": 0, "axis": "y", "origin": [8, 23, 8]},
			"faces": {
				"north": {"uv": [0, 0, 16, 4], "texture": "#5"},
				"east": {"uv": [0, 0, 16, 4], "texture": "#5"},
				"south": {"uv": [0, 0, 16, 4], "texture": "#5"},
				"west": {"uv": [0, 0, 16, 4], "texture": "#5"},
				"up": {"uv": [0, 0, 16, 16], "texture": "#4"},
				"down": {"uv": [0, 0, 16, 16], "texture": "#translation_chassis_side"}
			}
		},
		{
			"from": [3, 1, 0],
			"to": [4, 2, 16],
			"faces": {
				"north": {"uv": [5, 4, 5.25, 4.25], "texture": "#0"},
				"east": {"uv": [0, 3.5, 4, 3.75], "texture": "#0"},
				"south": {"uv": [4.5, 5, 4.75, 5.25], "texture": "#0"},
				"west": {"uv": [0, 3.75, 4, 4], "texture": "#0"},
				"up": {"uv": [0.25, 8, 0, 4], "texture": "#0"},
				"down": {"uv": [0.5, 4, 0.25, 8], "texture": "#0"}
			}
		},
		{
			"from": [12, 1, 0],
			"to": [13, 2, 16],
			"faces": {
				"north": {"uv": [5, 4.5, 5.25, 4.75], "texture": "#0"},
				"east": {"uv": [0.5, 4, 4.5, 4.25], "texture": "#0"},
				"south": {"uv": [4.75, 5, 5, 5.25], "texture": "#0"},
				"west": {"uv": [4, 3.5, 8, 3.75], "texture": "#0"},
				"up": {"uv": [0.75, 8.25, 0.5, 4.25], "texture": "#0"},
				"down": {"uv": [1, 4.25, 0.75, 8.25], "texture": "#0"}
			}
		},
		{
			"from": [2, 0, 1],
			"to": [14, 1, 3],
			"faces": {
				"north": {"uv": [4, 3.75, 7, 4], "texture": "#0"},
				"east": {"uv": [4.5, 4, 5, 4.25], "texture": "#0"},
				"south": {"uv": [3, 4.25, 6, 4.5], "texture": "#0"},
				"west": {"uv": [3, 4.75, 3.5, 5], "texture": "#0"},
				"up": {"uv": [4.5, 0.5, 1.5, 0], "texture": "#0"},
				"down": {"uv": [4.5, 0.5, 1.5, 1], "texture": "#0"}
			}
		},
		{
			"from": [2, 0, 5],
			"to": [14, 1, 7],
			"faces": {
				"north": {"uv": [4.5, 0, 7.5, 0.25], "texture": "#0"},
				"east": {"uv": [3.5, 4.75, 4, 5], "texture": "#0"},
				"south": {"uv": [4.5, 0.25, 7.5, 0.5], "texture": "#0"},
				"west": {"uv": [4, 4.75, 4.5, 5], "texture": "#0"},
				"up": {"uv": [4.5, 1.5, 1.5, 1], "texture": "#0"},
				"down": {"uv": [4.5, 1.5, 1.5, 2], "texture": "#0"}
			}
		},
		{
			"from": [2, 0, 9],
			"to": [14, 1, 11],
			"faces": {
				"north": {"uv": [4.5, 0.5, 7.5, 0.75], "texture": "#0"},
				"east": {"uv": [4.5, 4.75, 5, 5], "texture": "#0"},
				"south": {"uv": [4.5, 0.75, 7.5, 1], "texture": "#0"},
				"west": {"uv": [3, 5, 3.5, 5.25], "texture": "#0"},
				"up": {"uv": [4.5, 2.5, 1.5, 2], "texture": "#0"},
				"down": {"uv": [4.5, 2.5, 1.5, 3], "texture": "#0"}
			}
		},
		{
			"from": [2, 0, 13],
			"to": [14, 1, 15],
			"faces": {
				"north": {"uv": [4.5, 1, 7.5, 1.25], "texture": "#0"},
				"east": {"uv": [3.5, 5, 4, 5.25], "texture": "#0"},
				"south": {"uv": [4.5, 1.25, 7.5, 1.5], "texture": "#0"},
				"west": {"uv": [4, 5, 4.5, 5.25], "texture": "#0"},
				"up": {"uv": [3, 3.5, 0, 3], "texture": "#0"},
				"down": {"uv": [6, 3, 3, 3.5], "texture": "#0"}
			}
		},
		{
			"from": [5, 1, 5],
			"to": [11, 1.1, 11],
			"faces": {
				"north": {"uv": [4.5, 1.5, 6, 1.75], "texture": "#0"},
				"east": {"uv": [4.5, 1.75, 6, 2], "texture": "#0"},
				"south": {"uv": [4.5, 2, 6, 2.25], "texture": "#0"},
				"west": {"uv": [4.5, 2.25, 6, 2.5], "texture": "#0"},
				"up": {"uv": [1.5, 1.5, 0, 0], "texture": "#0"},
				"down": {"uv": [1.5, 1.5, 0, 3], "texture": "#0"}
			}
		},
		{
			"from": [6, 0.998, 6],
			"to": [10, 1.798, 10],
			"faces": {
				"north": {"uv": [4.5, 2.5, 5.5, 2.75], "texture": "#0"},
				"east": {"uv": [4.5, 2.75, 5.5, 3], "texture": "#0"},
				"south": {"uv": [3, 4.5, 4, 4.75], "texture": "#0"},
				"west": {"uv": [4, 4.5, 5, 4.75], "texture": "#0"},
				"up": {"uv": [2, 5.25, 1, 4.25], "texture": "#0"},
				"down": {"uv": [3, 4.25, 2, 5.25], "texture": "#0"}
			}
		}
	],
    "display": {
		"thirdperson_righthand": {
			"rotation": [75, 45, 0],
			"translation": [0, 2.5, 0],
			"scale": [0.375, 0.375, 0.375]
		},
		"thirdperson_lefthand": {
			"rotation": [75, 45, 0],
			"translation": [0, 2.5, 0],
			"scale": [0.375, 0.375, 0.375]
		},
		"firstperson_righthand": {
			"rotation": [0, 45, 0],
			"scale": [0.4, 0.4, 0.4]
		},
		"firstperson_lefthand": {
			"rotation": [0, 225, 0],
			"scale": [0.4, 0.4, 0.4]
		},
		"ground": {
			"translation": [0, 3, 0],
			"scale": [0.25, 0.25, 0.25]
		},
		"gui": {
			"rotation": [30, 225, 0],
			"scale": [0.625, 0.625, 0.625]
		},
		"fixed": {
			"scale": [0.5, 0.5, 0.5]
		}
	}
}